episode,step,action,reward,balance,shares_held,current_price,portfolio_value,current_position
10,1,1,-0.0009864005859375538,126.13013476562446,32,308.25018310546875,9990.135994140624,1
10,2,1,-0.03274675454286864,126.13013476562446,32,298.02691650390625,9662.991462890624,1
10,3,0,-0.030863548236622802,9364.757259765625,0,288.99609375,9364.757259765625,0
10,4,2,-0.000983886516527656,18569.401799804687,-32,287.9330749511719,9355.543401367187,-1
10,5,1,0.04226215728185406,125.87651040649507,35,275.0014953613281,9750.92884805298,1
10,6,1,-0.00414706899089696,125.87651040649507,35,273.84613037109375,9710.491073394776,1
10,7,2,0.04068532401934323,20105.253964630127,-35,285.70538330078125,10105.565549102783,-1
10,8,1,0.026354859407249243,103.47040505981568,37,277.5250244140625,10371.896308380128,1
10,9,0,0.040581867821870336,10792.807233428955,0,289.190185546875,10792.807233428955,0
10,10,1,-0.0009843523054605548,158.2586261291508,38,279.57696533203125,10782.183308746338,1
10,11,0,-0.01725734871590373,10596.111411468506,0,274.9552917480469,10596.111411468506,0
10,12,2,-0.000980812456722514,20978.516678588865,-41,253.48287963867188,10585.718613403318,-1
10,13,1,-0.05276584540982427,162.98335357665746,37,266.5992126464844,10027.15422149658,1
10,14,2,-0.04982747078305317,18910.83624090576,-37,253.60296630859375,9527.52648748779,-1
10,15,0,0.09333820006525348,10416.808660903927,0,229.33897399902344,10416.808660903927,0
10,16,1,-0.00097983130949736,199.8866746368367,41,248.94427490234375,10406.60194563293,1
10,17,0,-0.10819544945946671,9280.654970779415,0,221.703857421875,9280.654970779415,0
10,18,0,0.0,9280.654970779415,0,233.67410278320312,9280.654970779415,0
10,19,2,-0.0009800539378513001,18367.101878280635,-41,221.84249877929688,9271.559428329463,-1
10,20,1,-0.004050879840158109,119.13077339172014,41,222.3139190673828,9234.001455154415,1
10,21,2,-0.04442743365949448,17545.830306472773,-41,212.73345947265625,8823.758468093867,-1
10,22,0,0.02431026173586232,9038.26634594726,0,207.2942657470703,9038.26634594726,0
10,23,0,0.0,9038.26634594726,0,226.0758056640625,9038.26634594726,0
10,24,0,0.0,9038.26634594726,0,229.460205078125,9038.26634594726,0
10,25,0,0.0,9038.26634594726,0,242.8583526611328,9038.26634594726,0
10,26,1,-0.0009906475137235668,75.57652587890152,38,235.6246337890625,9029.312609863277,1
10,27,1,0.032203785406284643,75.57652587890152,38,243.2766876220703,9320.090655517573,1
10,28,1,-0.014784502941853808,75.57652587890152,38,239.6505584716797,9182.29774780273,1
10,29,1,-0.044634465751644474,75.57652587890152,38,228.8651123046875,8772.450793457027,1
10,30,2,0.02084816289077085,17852.899144958494,-38,234.1462860107422,8955.34027655029,-1
10,31,0,0.0133817613114601,9075.178502593992,0,230.7618865966797,9075.178502593992,0
10,32,0,0.0,9075.178502593992,0,246.2613525390625,9075.178502593992,0
10,33,0,0.0,9075.178502593992,0,246.51239013671875,9075.178502593992,0
10,34,2,-0.0009826317398179429,17983.81938531494,-35,254.78738403320312,9066.26094415283,-1
10,35,1,-0.016936157133622832,118.11963522338556,34,258.6645202636719,8912.71332418823,1
10,36,1,-0.009008751489368338,118.11963522338556,34,256.302978515625,8832.420904754636,1
10,37,1,0.02909857524107115,118.11963522338556,34,263.86212158203125,9089.431769012448,1
10,38,0,-0.021938458989092396,8890.023642913815,0,258.25543212890625,8890.023642913815,0
10,39,1,-0.000992465821362884,58.15598159789624,34,259.5013122558594,8881.200598297115,1
10,40,0,0.02581854511063029,9110.500276580806,0,266.5119323730469,9110.500276580806,0
10,41,1,-0.0009770879334230456,199.83862899779888,34,261.81646728515625,9101.598516693111,1
10,42,2,-0.03159328044450235,17445.52264248657,-34,253.8668670654297,8814.04916226196,-1
10,43,1,-0.023707347275803814,41.54813342284797,33,259.5013122558594,8605.091437866207,1
10,44,2,-0.0020610067443580316,17150.29030737304,-33,259.48284912109375,8587.356286376948,-1
10,45,0,-0.014909872061388399,8459.319902801508,0,263.0996398925781,8459.319902801508,0
10,46,2,-0.0009780556947490359,16724.73222143554,-31,266.8930969238281,8451.046216796869,-1
10,47,2,0.0045018327384822995,16724.73222143554,-31,265.66583251953125,8489.091413330072,-1
10,48,0,-0.026392489171754272,8265.043160125726,0,272.6205749511719,8265.043160125726,0
10,49,2,-0.0009803300401217113,16359.41078280639,-30,270.08233642578125,8256.940690032952,-1
10,50,2,0.02597823340075596,16359.41078280639,-30,262.93231201171875,8471.441422454827,-1
10,51,1,-0.004466520461888001,260.2219642028731,31,263.657470703125,8433.603555999747,1
10,52,1,0.008954308717775382,260.2219642028731,31,266.093505859375,8509.120645843497,1
10,53,0,-0.007534036168166479,8445.01262313842,0,264.289794921875,8445.01262313842,0
10,54,2,-0.000981863101097051,16728.567059814446,-31,267.4789123535156,8436.720776855462,-1
10,55,1,-0.018227877076209813,125.79829055785376,30,271.9046325683594,8282.937267608635,1
10,56,2,-0.0017680871363417161,16427.103958282463,-30,271.96038818359375,8268.29231277465,-1
10,57,2,0.019667307966155026,16427.103958282463,-30,266.5398864746094,8430.907364044182,-1
10,58,2,0.016774174200061984,16427.103958282463,-30,261.8258361816406,8572.328872833245,-1
10,59,1,-0.01285082880351825,248.43409619139857,31,264.9591369628906,8462.167342041008,1
10,60,2,0.0025121689207460293,16734.920364746085,-31,266.17724609375,8483.425735839835,-1
10,61,0,-0.030628969106206067,8223.587151062004,0,274.28485107421875,8223.587151062004,0
10,62,2,-0.0009903255691085487,16359.471747924796,-30,271.4676208496094,8215.443122436514,-1
10,63,1,-0.01882302723899926,54.50347238158338,29,276.0793151855469,8060.803612762443,1
10,64,1,-0.006857153774886783,54.50347238158338,29,274.1733093261719,8005.529442840568,1
10,65,1,0.0018863114224586725,54.50347238158338,29,274.69403076171875,8020.630364471427,1
10,66,1,0.012236450068001338,54.50347238158338,29,278.07830810546875,8118.774407440177,1
10,67,1,0.014779387012310968,54.50347238158338,29,282.2159118652344,8238.764916473381,1
10,68,1,-0.0018329108530169536,54.50347238158338,29,281.6951904296875,8223.663994842522,1
10,69,2,0.0024307084682021005,16449.214298675528,-29,282.95037841796875,8243.653324554434,-1
10,70,2,-0.004023399539077635,16449.214298675528,-29,284.0940856933594,8210.485813568106,-1
10,71,2,-0.008308682860297152,16449.214298675528,-29,286.4464416503906,8142.2674908142,-1
10,72,0,-0.01461100621177626,8023.30076992797,0,290.25848388671875,8023.30076992797,0
10,73,2,-0.000974211625294967,15831.877260345449,-27,289.49603271484375,8015.484377044668,-1
10,74,1,-0.026956097739599783,79.61131198119165,26,296.9156494140625,7799.418196746817,1
10,75,0,0.010962229824548923,7884.917211517324,0,300.50457763671875,7884.917211517324,0
10,76,2,-0.0009835055995470116,15632.02258078002,-26,298.26385498046875,7877.162351287832,-1
10,77,2,0.005493345284317453,15632.02258078002,-26,296.59954833984375,7920.434323944082,-1
10,78,2,0.05612869717561051,15632.02258078002,-26,279.5009460449219,8364.997983612051,-1
10,79,2,-0.010403822484124898,15632.02258078002,-26,282.8481750488281,8277.970029510489,-1
10,80,2,-0.008293467592553574,15632.02258078002,-26,285.4886779785156,8209.316953338614,-1
10,81,0,-0.018325062079211227,8058.880710540762,0,290.98370361328125,8058.880710540762,0
10,82,1,-0.000970844996005122,227.1327752990628,27,289.77496337890625,8051.056786529532,1
10,83,0,-0.0005978919622013436,8046.243124389639,0,289.8865661621094,8046.243124389639,0
10,84,2,-0.0009671851670927187,15820.66791812133,-27,288.2298889160156,8038.460917388908,-1
10,85,2,-0.00621071895417612,15820.66791812133,-27,290.0789489746094,7988.536295806876,-1
10,86,2,-0.004513608948009177,15820.66791812133,-27,291.4143981933594,7952.479166900626,-1
10,87,2,0.0252384006310868,15820.66791812133,-27,283.98077392578125,8153.187022125236,-1
10,88,2,-0.010082012197536065,15820.66791812133,-27,287.0252380371094,8070.986491119376,-1
10,89,2,0.022806095412353074,15820.66791812133,-27,280.2079162597656,8255.054179107658,-1
10,90,2,-0.013470074828968058,15820.66791812133,-27,284.3262939453125,8143.857981597892,-1
10,91,0,-0.013029542949391078,8037.747234252921,0,287.9683532714844,8037.747234252921,0
10,92,2,-0.0009741050610106044,15859.527884002677,-27,289.9855651855469,8029.917623992911,-1
10,93,0,-0.006349859133275343,7978.928778228751,0,291.58245849609375,7978.928778228751,0
10,94,2,-0.0009648134797940475,15669.40863973998,-26,296.0837707519531,7971.230600189199,-1
10,95,2,0.009960678435800013,15669.40863973998,-26,293.02996826171875,8050.629464935293,-1
10,96,1,-0.009182194677255359,4.383531585684068,27,295.271240234375,7976.707017913809,1
10,97,1,-0.005689631245381337,4.383531585684068,27,293.59033203125,7931.322496429434,1
10,98,0,0.009195021192129156,8004.251174865713,0,296.5879821777344,8004.251174865713,0
10,99,0,0.0,8004.251174865713,0,294.0199279785156,8004.251174865713,0
10,100,0,0.0,8004.251174865713,0,297.830078125,8004.251174865713,0
10,101,1,-0.0009763218076070448,181.71147430419023,26,300.56634521484375,7996.436449890128,1
10,102,2,-0.005166818128476146,15744.107133483878,-26,299.576416015625,7955.120317077628,-1
10,103,0,-0.003820503053505941,7924.727755615226,0,300.4449157714844,7924.727755615226,0
10,104,0,0.0,7924.727755615226,0,302.87298583984375,7924.727755615226,0
10,105,0,0.0,7924.727755615226,0,303.51739501953125,7924.727755615226,0
10,106,0,0.0,7924.727755615226,0,305.244873046875,7924.727755615226,0
10,107,2,-0.0009895199648985282,15758.562409851065,-26,301.6029357910156,7916.886079284659,-1
10,108,2,0.0063795183995776,15758.562409851065,-26,299.660400390625,7967.391999694815,-1
10,109,2,-0.007131400658202539,15758.562409851065,-26,301.8457336425781,7910.573335144034,-1
10,110,2,0.00629233025629993,15758.562409851065,-26,299.9312744140625,7960.34927508544,-1
10,111,2,-0.012048255909510088,15758.562409851065,-26,303.62005615234375,7864.440949890128,-1
10,112,2,0.003581454533739744,15758.562409851065,-26,302.5367431640625,7892.60708758544,-1
10,113,2,-0.007875651624150624,15758.562409851065,-26,304.927490234375,7830.447663757315,-1
10,114,1,-0.009038679881241915,83.48590902709111,25,307.0473937988281,7759.670753997794,1
10,115,2,0.0018349291479391027,15479.744160980215,-25,308.2333984375,7773.909200042715,-1
10,116,0,-0.00715388465682747,7718.29555029296,0,310.1477966308594,7718.29555029296,0
10,117,1,-0.0009708497015712365,217.49731372069436,24,312.2210388183594,7710.802245361319,1
10,118,2,-0.0012474956660441685,15199.866158447257,-24,312.44512939453125,7701.1830529785075,-1
10,119,2,-0.0029105017354386933,15199.866158447257,-24,313.3790588378906,7678.7687463378825,-1
10,120,1,0.006142640325413579,266.925186279288,24,310.7921447753906,7725.936660888663,1
10,121,1,0.013460613796620622,266.925186279288,24,315.12530517578125,7829.932510498038,1
10,122,1,-0.0017461349918781559,266.925186279288,24,314.5556335449219,7816.260391357413,1
10,123,0,-0.0009370177664006009,7808.936416503898,0,314.5650329589844,7808.936416503898,0
10,124,0,0.0,7808.936416503898,0,315.5643005371094,7808.936416503898,0
10,125,2,-0.0009719509694394848,15391.249833496086,-24,316.2459716796875,7801.346513183586,-1
10,126,0,0.0030819686173818688,7825.390018310539,0,314.9292297363281,7825.390018310539,0
10,127,0,0.0,7825.390018310539,0,315.9098815917969,7825.390018310539,0
10,128,1,-0.0009723133210265052,209.05033032225765,24,317.03045654296875,7817.781287353508,1
10,129,0,0.008878992664755989,7887.195310058586,0,320.2429504394531,7887.195310058586,0
10,130,0,0.0,7887.195310058586,0,321.36358642578125,7887.195310058586,0
10,131,2,-0.000987683446377877,15669.457503906242,-24,324.58551025390625,7879.405257812492,-1
10,132,0,-0.0031523727302891326,7854.566435546867,0,325.295166015625,7854.566435546867,0
10,133,2,-0.0009586929843432137,15377.154054626457,-23,327.39642333984375,7847.036317810051,-1
10,134,2,0.003476141014314666,15377.154054626457,-23,326.21044921875,7874.313722595207,-1
10,135,2,-0.008974104853025572,15377.154054626457,-23,329.2828369140625,7803.648805603019,-1
10,136,2,-0.014037458466537039,15377.154054626457,-23,334.04559326171875,7694.105409606926,-1
10,137,2,0.03436492412784874,15377.154054626457,-23,322.54962158203125,7958.512758239738,-1
10,138,0,0.006686181180327554,8011.724816467277,0,319.9161376953125,8011.724816467277,0
10,139,0,0.0,8011.724816467277,0,311.1750793457031,8011.724816467277,0
10,140,2,-0.0009901736316404914,15936.790475036614,-25,317.3199462890625,8003.791817810052,-1
10,141,0,0.016236010727019013,8133.741467620843,0,311.8101501464844,8133.741467620843,0
10,142,1,-0.0009972275980955378,14.438808868400884,26,311.9689025878906,8125.630276153557,1
10,143,0,0.012136437355417943,8224.246478973382,0,316.0779113769531,8224.246478973382,0
10,144,2,-0.0009656655674621483,16158.176250396722,-25,317.67486572265625,8216.304607330316,-1
10,145,0,0.0028734286799019315,8239.913572631829,0,316.4140930175781,8239.913572631829,0
10,146,0,0.0,8239.913572631829,0,313.6311340332031,8239.913572631829,0
10,147,1,-0.000978230020461306,171.32221905516872,26,310.0204162597656,8231.853041809074,1
10,148,2,-0.01283475979329342,16097.017788879388,-26,306.5699462890625,8126.199185363763,-1
10,149,0,-0.010980800805530882,8036.967010803216,0,309.6922607421875,8036.967010803216,0
10,150,2,-0.000978635872290832,15894.365967773432,-26,302.5101623535156,8029.101746582026,-1
10,151,2,-0.002611091793501327,15894.365967773432,-26,303.3164978027344,8008.137024902338,-1
10,152,2,-0.015920985883104612,15894.365967773432,-26,308.2202453613281,7880.639588378901,-1
10,153,2,-0.016889798791009998,15894.365967773432,-26,313.3395690917969,7747.537171386713,-1
10,154,0,0.004680775413415254,7783.801652893061,0,311.6331481933594,7783.801652893061,0
10,155,2,-0.000968151741154225,15312.166874816889,-24,313.9958801269531,7776.265751770014,-1
10,156,1,-0.008172323227520479,128.43287969970152,24,316.01177978515625,7712.7155945434515,1
10,157,0,-0.010310479325076422,7633.193799865717,0,313.0113830566406,7633.193799865717,0
10,158,2,-0.0009598771585457681,14952.795246734613,-23,318.5621032714844,7625.8668714904725,-1
10,159,0,0.012711698970573872,7722.804595550531,0,314.03338623046875,7722.804595550531,0
10,160,0,0.0,7722.804595550531,0,319.4996643066406,7722.804595550531,0
10,161,0,0.0,7722.804595550531,0,322.33123779296875,7722.804595550531,0
10,162,0,0.0,7722.804595550531,0,325.2096862792969,7722.804595550531,0
10,163,0,0.0,7722.804595550531,0,330.44158935546875,7722.804595550531,0
10,164,1,-0.0009776960808360593,164.69825363158634,23,328.2850341796875,7715.254039764399,1
10,165,2,-0.008094178072921914,15155.91877249145,-23,326.2223205566406,7652.805399688716,-1
10,166,1,-0.0007465780781881066,153.25287161254346,23,325.819091796875,7647.0919829406685,1
10,167,0,-0.0015715774015864408,7635.073985992426,0,325.6221923828125,7635.073985992426,0
10,168,0,0.0,7635.073985992426,0,320.6716003417969,7635.073985992426,0
10,169,2,-0.000969865319291456,15032.662461761469,-23,321.95623779296875,7627.668992523188,-1
10,170,2,0.001837747643038931,15032.662461761469,-23,321.3467712402344,7641.686723236078,-1
10,171,2,-0.005305372184942358,15032.662461761469,-23,323.1094665527344,7601.144731048578,-1
10,172,2,-0.0033194149897846975,15032.662461761469,-23,324.20648193359375,7575.913377288813,-1
10,173,2,0.01818912763498464,15032.662461761469,-23,318.2152099609375,7713.712632659906,-1
10,174,2,0.003270974038225889,15032.662461761469,-23,317.1181945800781,7738.943986419672,-1
10,175,0,0.03130265850322354,7981.193507202142,0,306.2793273925781,7981.193507202142,0
10,176,2,-0.0009691289016950493,15708.263999755854,-25,309.3922119140625,7973.458701904292,-1
10,177,2,0.010112743783650298,15708.263999755854,-25,306.1668701171875,8054.092246826167,-1
10,178,2,-0.010651948839828677,15708.263999755854,-25,309.5985412597656,7968.300468261714,-1
10,179,0,-0.0181384737261084,7823.7676595764115,0,315.0647888183594,7823.7676595764115,0
10,180,2,-0.0009880853610863766,15546.587402252193,-24,322.10626220703125,7816.037109283443,-1
10,181,0,-0.020297775026344698,7657.388946441646,0,328.3882141113281,7657.388946441646,0
10,182,0,0.0,7657.388946441646,0,328.3132019042969,7657.388946441646,0
10,183,0,0.0,7657.388946441646,0,332.438720703125,7657.388946441646,0
10,184,2,-0.0009970597287023704,15284.628217803951,-23,331.9510498046875,7649.7540722961385,-1
10,185,2,-0.00741445803113949,15284.628217803951,-23,334.4170837402344,7593.03529177856,-1
10,186,1,0.007820585578484177,35.4402843322714,23,331.17291259765625,7652.417274078365,1
10,187,0,0.01277097969979574,7750.146139739986,0,335.75775146484375,7750.146139739986,0
10,188,0,0.0,7750.146139739986,0,339.9489440917969,7750.146139739986,0
10,189,0,0.0,7750.146139739986,0,338.1205749511719,7750.146139739986,0
10,190,0,0.0,7750.146139739986,0,334.0513000488281,7750.146139739986,0
10,191,1,-0.000995533300319406,26.90204672240816,23,335.457763671875,7742.430611175533,1
10,192,2,-0.008803234127011962,15336.967707916257,-23,333.1606750488281,7674.272181793211,-1
10,193,1,-0.00795055404387576,239.78706811523261,22,335.1577453613281,7613.257466064451,1
10,194,1,0.015606281116864426,239.78706811523261,22,340.55841064453125,7732.07210229492,1
10,195,2,-0.003429009176406571,15186.291910400389,-22,340.0333251953125,7705.558756103514,-1
10,196,1,-0.004650702640192875,168.15620947265415,22,340.98028564453125,7669.722493652342,1
10,197,0,-0.00530368986641164,7629.044664184568,0,339.47076416015625,7629.044664184568,0
10,198,1,-0.000989644190881594,71.45489056396309,22,343.1836242675781,7621.494624450682,1
10,199,0,0.001091353336998253,7629.81236804199,0,343.9056091308594,7629.81236804199,0
10,200,0,0.0,7629.81236804199,0,343.8118591308594,7629.81236804199,0
10,201,0,0.0,7629.81236804199,0,346.7746887207031,7629.81236804199,0
10,202,0,0.0,7629.81236804199,0,346.06207275390625,7629.81236804199,0
10,203,0,0.0,7629.81236804199,0,347.0747985839844,7629.81236804199,0
10,204,0,0.0,7629.81236804199,0,343.9618835449219,7629.81236804199,0
10,205,0,0.0,7629.81236804199,0,343.8493957519531,7629.81236804199,0
10,206,0,0.0,7629.81236804199,0,343.4461975097656,7629.81236804199,0
10,207,0,0.0,7629.81236804199,0,341.9085693359375,7629.81236804199,0
10,208,1,-0.0009537782647080954,345.38601840209776,21,346.5309143066406,7622.535218841551,1
10,209,0,0.0005422079315211568,7626.668217895506,0,347.0747985839844,7626.668217895506,0
10,210,0,0.0,7626.668217895506,0,349.01556396484375,7626.668217895506,0
10,211,0,0.0,7626.668217895506,0,347.6219787597656,7626.668217895506,0
10,212,0,0.0,7626.668217895506,0,346.3791198730469,7626.668217895506,0
10,213,0,0.0,7626.668217895506,0,345.7953186035156,7626.668217895506,0
10,214,0,0.0,7626.668217895506,0,346.1060485839844,7626.668217895506,0
10,215,1,-0.000956708921565245,322.87019049072114,21,347.45245361328125,7619.371716369627,1
10,216,0,0.007260995757582947,7674.695942077635,0,350.4373779296875,7674.695942077635,0
10,217,0,0.0,7674.695942077635,0,349.7688903808594,7674.695942077635,0
10,218,0,0.0,7674.695942077635,0,350.2679443359375,7674.695942077635,0
10,219,0,0.0,7674.695942077635,0,352.0475769042969,7674.695942077635,0
10,220,1,-0.0009954278497491952,27.45025689697104,22,347.25482177734375,7667.0563359985335,1
10,221,0,0.005859313119420959,7711.980019775389,0,349.6464538574219,7711.980019775389,0
10,222,0,0.0,7711.980019775389,0,351.73681640625,7711.980019775389,0
10,223,1,-0.000972022422199927,208.26630349731295,21,356.9627380371094,7704.48380227661,1
10,224,0,0.004565190450809365,7739.656238159178,0,358.9966125488281,7739.656238159178,0
10,225,1,-0.0009674991904809064,244.05698199462768,21,356.57672119140625,7732.168127014159,1
10,226,0,-0.0007640842353589349,7726.260099243163,0,356.65203857421875,7726.260099243163,0
10,227,0,0.0,7726.260099243163,0,357.61248779296875,7726.260099243163,0
10,228,0,0.0,7726.260099243163,0,356.3601379394531,7726.260099243163,0
10,229,0,0.0,7726.260099243163,0,353.76123046875,7726.260099243163,0
10,230,0,0.0,7726.260099243163,0,356.5390625,7726.260099243163,0
10,231,2,-0.0009824850958655438,15309.604558135985,-21,361.4731140136719,7718.6691638488755,-1
10,232,2,-0.0008962090947368513,15309.604558135985,-21,361.8025207519531,7711.751622344969,-1
10,233,2,0.0034868326573732717,15309.604558135985,-21,360.5220642089844,7738.641209747313,-1
10,234,2,-0.0038583121316065894,15309.604558135985,-21,361.9438781738281,7708.783116485594,-1
10,235,2,0.0015390769491254756,15309.604558135985,-21,361.37890625,7720.647526885985,-1
10,236,2,0.0240236045690762,15309.604558135985,-21,352.546630859375,7906.12531008911,-1
10,237,1,-0.009987384228492355,4.434306671141712,22,355.57861328125,7827.163798858642,1
10,238,1,-0.02000831226058926,4.434306671141712,22,348.4600524902344,7670.555461456298,1
10,239,1,0.01663605572336354,4.434306671141712,22,354.2604064941406,7798.1632495422355,1
10,240,1,0.014132058798457336,4.434306671141712,22,359.2696838378906,7908.3673511047355,1
10,241,1,0.0007857949931829993,4.434306671141712,22,359.5521545410156,7914.5817065734855,1
10,242,1,0.011359208190748307,4.434306671141712,22,363.638671875,8004.485087921142,1
10,243,1,0.003933883085572933,4.434306671141712,22,365.0699768066406,8035.9737964172355,1
10,244,2,0.005250273963582574,15800.000340148925,-21,367.7064514160156,8078.164860412597,-1
10,245,1,-0.0012740139172503465,351.1793793334946,21,367.46160888671875,8067.873165954588,1
10,246,1,-0.0004166350379382061,351.1793793334946,21,367.3015441894531,8064.51180731201,1
10,247,2,-0.00037138075907916474,15787.305804260252,-21,367.89471435546875,8061.516802795408,-1
10,248,2,-0.004734146082797409,15787.305804260252,-21,369.7120666503906,8023.352404602048,-1
10,249,2,0.0008378938062474013,15787.305804260252,-21,369.3919372558594,8030.075121887205,-1
10,250,2,-0.0002217083209849027,15787.305804260252,-21,369.4767150878906,8028.294787414548,-1
10,251,2,0.0041134497039366155,15787.305804260252,-21,367.9041442871094,8061.318774230955,-1
10,252,2,0.001692221944001358,15787.305804260252,-21,367.2545471191406,8074.960314758298,-1
10,253,2,0.007346499618415699,15787.305804260252,-21,364.4296569824219,8134.283007629392,-1
10,254,2,-0.0011425572811551716,15787.305804260252,-21,364.8722229003906,8124.989123352048,-1
10,255,2,-0.010391795762088195,15787.305804260252,-21,368.8928527832031,8040.555895812986,-1
10,256,0,0.022274990301256698,8219.659200408933,0,360.0041198730469,8219.659200408933,0
10,257,2,-0.000958589669400834,16091.060315521237,-22,358.14910888671875,8211.779920013425,-1
10,258,2,-0.023258793539329015,16091.060315521237,-22,366.83074951171875,8020.783826263425,-1
10,259,2,0.00785127613908177,16091.060315521237,-22,363.96832275390625,8083.7572149353,-1
10,260,2,0.013120506400822046,16091.060315521237,-22,359.14727783203125,8189.82020321655,-1
10,261,2,0.011938813181763833,16091.060315521237,-22,354.702880859375,8287.596936614987,-1
10,262,2,-0.017322020298674964,16091.060315521237,-22,361.2282409667969,8144.039014251706,-1
10,263,2,0.004858379659878047,16091.060315521237,-22,359.42974853515625,8183.6058477478,-1
10,264,2,-0.013795676204996403,16091.060315521237,-22,364.5614929199219,8070.707471282956,-1
10,265,1,-0.008140224073576922,301.56436428832785,21,366.83074951171875,8005.010104034422,1
10,266,2,0.007813039828273834,15849.105873931883,-21,370.55010986328125,8067.553566802977,-1
10,267,1,-0.003230743709501123,249.45692868041806,21,371.0491638183594,8041.489368865965,1
10,268,1,0.0057784692173074225,249.45692868041806,21,373.26190185546875,8087.956867645262,1
10,269,1,-0.0012222377858722032,249.45692868041806,21,372.7911682128906,8078.071461151121,1
10,270,2,0.0013595900296622023,15944.362340484617,-21,374.0622863769531,8089.054326568601,-1
10,271,1,0.012169534461809526,77.85714492797706,22,368.619873046875,8187.494351959227,1
10,272,1,-0.0018327332537911014,77.85714492797706,22,367.93780517578125,8172.488858795165,1
10,273,1,0.007908613612983692,77.85714492797706,22,370.87567138671875,8237.12191543579,1
10,274,0,-0.00877885702146231,8164.809399871825,0,367.9566955566406,8164.809399871825,0
10,275,0,0.0,8164.809399871825,0,366.0861511230469,8164.809399871825,0
10,276,0,0.0,8164.809399871825,0,368.1456298828125,8164.809399871825,0
10,277,0,0.0,8164.809399871825,0,374.0782470703125,8164.809399871825,0
10,278,2,-0.0009616482813281027,16008.63265170288,-21,373.8892822265625,8156.957724945067,-1
10,279,0,0.0015934913896740442,8169.955766845702,0,372.8974304199219,8169.955766845702,0
10,280,0,0.0,8169.955766845702,0,374.4088134765625,8169.955766845702,0
10,281,0,0.0,8169.955766845702,0,378.45208740234375,8169.955766845702,0
10,282,0,0.0,8169.955766845702,0,383.8841247558594,8169.955766845702,0
10,283,2,-0.0009861503773194264,16218.703924041747,-21,383.6573791503906,8161.898961883544,-1
10,284,2,-0.0011424603563019206,16218.703924041747,-21,384.1014099121094,8152.57431588745,-1
10,285,2,-0.0046962839853672686,16218.703924041747,-21,385.9245910644531,8114.2875116882315,-1
10,286,2,-0.0072616099001259655,16218.703924041747,-21,388.7304382324219,8055.364721160888,-1
10,287,2,-0.0003694676022854977,16218.703924041747,-21,388.8721618652344,8052.388524871825,-1
10,288,2,-0.0030054612097603797,16218.703924041747,-21,390.02459716796875,8028.187383514403,-1
10,289,2,0.0034841456950988675,16218.703924041747,-21,388.692626953125,8056.158758026122,-1
10,290,0,-0.01190838861468566,7960.222888793944,0,392.8681335449219,7960.222888793944,0
10,291,0,0.0,7960.222888793944,0,394.18121337890625,7960.222888793944,0
10,292,0,0.0,7960.222888793944,0,392.2445983886719,7960.222888793944,0
10,293,0,0.0,7960.222888793944,0,389.37274169921875,7960.222888793944,0
10,294,0,0.0,7960.222888793944,0,393.05706787109375,7960.222888793944,0
10,295,1,-0.0009785336179581779,163.0878399658186,20,389.46728515625,7952.433543090819,1
10,296,1,0.010619860561417335,163.0878399658186,20,393.6899719238281,8036.887278442381,1
10,297,1,0.002045241815668865,163.0878399658186,20,394.5118408203125,8053.324656372069,1
10,298,1,-0.00021114751058490526,163.0878399658186,20,394.42681884765625,8051.624216918944,1
10,299,1,-0.0002813873249622385,163.0878399658186,20,394.31353759765625,8049.358591918944,1
10,300,2,0.0042715569277220105,16020.268984985349,-20,396.82635498046875,8083.741885375974,-1
10,301,0,0.0054755381284670255,8128.004722290036,0,394.218994140625,8128.004722290036,0
10,302,1,-0.0009721187140034666,218.71783874511402,20,395.06927490234375,8120.103336791989,1
10,303,1,-0.006003317516031601,218.71783874511402,20,392.63189697265625,8071.355778198239,1
10,304,1,0.00030436832504624134,218.71783874511402,20,392.7547302246094,8073.8124432373015,1
10,305,1,0.0077693496009951,218.71783874511402,20,395.8911437988281,8136.5407147216765,1
10,306,0,0.006102211651796001,8186.191608276364,0,398.7724609375,8186.191608276364,0
10,307,2,-0.0009646087638586452,16074.767304077144,-20,394.8236083984375,8178.295136108394,-1
10,308,2,0.008617079878884363,16074.767304077144,-20,391.2999572753906,8248.768158569332,-1
10,309,2,0.02015644832591127,16074.767304077144,-20,382.9866638183594,8415.034027709957,-1
10,310,2,-0.010934423972819966,16074.767304077144,-20,387.58734130859375,8323.02047790527,-1
10,311,1,-0.016192496766709266,317.47423889159563,20,393.5387878417969,8188.249995727533,1
10,312,1,-0.0024459531868623033,317.47423889159563,20,392.5373840332031,8168.221919555658,1
10,313,1,-0.008280544991025648,317.47423889159563,20,389.155517578125,8100.584590454096,1
10,314,1,-0.0025192138004750514,317.47423889159563,20,388.1351623535156,8080.177485961908,1
10,315,1,0.01033541194308101,317.47423889159563,20,392.3107604980469,8163.689448852533,1
10,316,1,-0.0007867434855805621,317.47423889159563,20,391.9896240234375,8157.266719360346,1
10,317,1,0.009797255133574136,317.47423889159563,20,395.9855651855469,8237.185542602532,1
10,318,1,-0.0021329591263005475,317.47423889159563,20,395.1070861816406,8219.615962524407,1
10,319,1,0.001907771897768081,317.47423889159563,20,395.8911437988281,8235.297114868157,1
10,320,1,0.0005047169619564532,317.47423889159563,20,396.0989685058594,8239.453609008782,1
10,321,1,0.0017196906731709954,317.47423889159563,20,396.80743408203125,8253.62292053222,1
10,322,1,-0.0008466482060476658,317.47423889159563,20,396.4580383300781,8246.635005493157,1
10,323,1,0.001511773105917819,317.47423889159563,20,397.0813903808594,8259.102046508782,1
10,324,1,-0.003568653927164388,317.47423889159563,20,395.6076965332031,8229.628169555657,1
10,325,0,0.00782280349873486,8294.006933593744,0,399.2258605957031,8294.006933593744,0
10,326,0,0.0,8294.006933593744,0,398.8385314941406,8294.006933593744,0
10,327,0,0.0,8294.006933593744,0,398.9235534667969,8294.006933593744,0
10,328,2,-0.0009605209456174419,16252.607749023431,-20,398.328369140625,8286.040366210931,-1
10,329,2,-0.004469407554091471,16252.607749023431,-20,400.1800537109375,8249.006674804681,-1
10,330,2,-0.0016033091654790855,16252.607749023431,-20,400.8413391113281,8235.780966796869,-1
10,331,2,-0.0021792709300105986,16252.607749023431,-20,401.7387390136719,8217.832968749994,-1
10,332,2,0.001793213391053083,16252.607749023431,-20,401.0019226074219,8232.569296874994,-1
10,333,2,0.00543925609607352,16252.607749023431,-20,398.7629699707031,8277.348349609369,-1
10,334,2,0.0003194311580320019,16252.607749023431,-20,398.6307678222656,8279.992392578119,-1
10,335,2,0.01298981169216971,16252.607749023431,-20,393.25299072265625,8387.547934570306,-1
10,336,2,-0.013424310272416445,16252.607749023431,-20,398.8828430175781,8274.950888671869,-1
10,337,2,-0.005153905564330493,16252.607749023431,-20,401.0152587890625,8232.302573242181,-1
10,338,2,0.001174097678961205,16252.607749023431,-20,400.531982421875,8241.968100585931,-1
10,339,2,-0.005749782793240673,16252.607749023431,-20,402.9014587402344,8194.578574218744,-1
10,340,1,-0.005466360008126959,63.133666992180224,20,404.33251953125,8149.78405761718,1
10,341,1,0.0020002836599794294,63.133666992180224,20,405.1476135253906,8166.085937499993,1
10,342,1,0.0005341827958429446,63.133666992180224,20,405.36572265625,8170.44812011718,1
10,343,2,-0.0011511931808240701,16275.17931884765,-20,405.70684814453125,8161.0423559570245,-1
10,344,0,-0.0065045598750890785,8107.958367309564,0,407.9530944824219,8107.958367309564,0
10,345,0,0.0,8107.958367309564,0,411.07135009765625,8107.958367309564,0
10,346,0,0.0,8107.958367309564,0,410.32257080078125,8107.958367309564,0
10,347,0,0.0,8107.958367309564,0,411.7726745605469,8107.958367309564,0
10,348,0,0.0,8107.958367309564,0,408.41748046875,8107.958367309564,0
10,349,1,-0.0009672926298194854,257.34722735595096,19,412.77728271484375,8100.115598937982,1
10,350,1,0.0034681451598872993,257.34722735595096,19,414.2558288574219,8128.207975646967,1
10,351,1,-0.0033010741983158275,257.34722735595096,19,412.8436279296875,8101.3761580200135,1
10,352,1,0.0014448296702024596,257.34722735595096,19,413.4596862792969,8113.081266662592,1
10,353,1,-0.0033070145907754304,257.34722735595096,19,412.0475769042969,8086.251188537592,1
10,354,1,-0.00759404038824324,257.34722735595096,19,408.81561279296875,8024.843870422357,1
10,355,1,-0.014294323808550021,257.34722735595096,19,402.77825927734375,7910.134153625482,1
10,356,1,0.013864101228232846,257.34722735595096,19,408.5502014160156,8019.801054260248,1
10,357,1,0.007836556705984146,257.34722735595096,19,411.85797119140625,8082.64867999267,1
10,358,1,0.002027390881529288,257.34722735595096,19,412.7204284667969,8099.035368225092,1
10,359,1,0.00996101608576024,257.34722735595096,19,416.9664611816406,8179.709989807123,1
10,360,1,0.002377616283970535,257.34722735595096,19,417.99005126953125,8199.158201477045,1
10,361,0,-0.005378673239407718,8155.05760867309,0,416.0850524902344,8155.05760867309,0
10,362,0,0.0,8155.05760867309,0,415.91436767578125,8155.05760867309,0
10,363,0,0.0,8155.05760867309,0,417.6394348144531,8155.05760867309,0
10,364,0,0.0,8155.05760867309,0,415.611083984375,8155.05760867309,0
10,365,2,-0.0009662770169014919,16027.222302703853,-19,414.73919677734375,8147.177563934321,-1
10,366,2,-0.00786868881614393,16027.222302703853,-19,418.11328125,8083.069958953853,-1
10,367,2,0.004834323106620422,16027.222302703853,-19,416.056640625,8122.146130828853,-1
10,368,2,-0.006163534354420156,16027.222302703853,-19,418.6914367675781,8072.085004119868,-1
10,369,2,-0.0016285750319825034,16027.222302703853,-19,419.3833312988281,8058.939008026118,-1
10,370,2,0.0008043917367852464,16027.222302703853,-19,419.0421447753906,8065.421551971431,-1
10,371,2,-0.0012279760237316432,16027.222302703853,-19,419.56341552734375,8055.517407684321,-1
10,372,2,-0.0024590435853700772,16027.222302703853,-19,420.6059875488281,8035.708539276118,-1
10,373,2,-0.00298037973547289,16027.222302703853,-19,421.8664855957031,8011.759076385493,-1
10,374,2,-0.001820539501736175,16027.222302703853,-19,422.6341552734375,7997.17335250854,-1
10,375,2,-0.00236452869844393,16027.222302703853,-19,423.62939453125,7978.263806610103,-1
10,376,2,0.006613362801121826,16027.222302703853,-19,420.8523864746094,8031.0269596862745,-1
10,377,2,0.010897535587780944,16027.222302703853,-19,416.24615478515625,8118.545361785884,-1
10,378,0,-0.002483996266840282,8098.378925415034,0,416.8906555175781,8098.378925415034,0
10,379,0,0.0,8098.378925415034,0,420.2078857421875,8098.378925415034,0
10,380,1,-0.0009945423812554293,36.14368356322757,19,423.9042663574219,8090.324744354243,1
10,381,1,0.0015803246173017812,36.14368356322757,19,424.5771789550781,8103.110083709712,1
10,382,1,0.00208903410727132,36.14368356322757,19,425.4681091308594,8120.037757049556,1
10,383,1,-0.0058770756791844785,36.14368356322757,19,422.9564208984375,8072.31568063354,1
10,384,1,0.008900951187300169,36.14368356322757,19,426.7380676269531,8144.166968475337,1
10,385,1,0.004378283358033904,36.14368356322757,19,428.6147766113281,8179.824439178462,1
10,386,1,-0.0014750641007731941,36.14368356322757,19,427.979736328125,8167.758673797603,1
10,387,1,0.0005290218558273692,36.14368356322757,19,428.2071533203125,8172.079596649165,1
10,388,1,0.003063043232683587,36.14368356322757,19,429.52459716796875,8197.111029754633,1
10,389,1,-0.00024170622032780757,36.14368356322757,19,429.4203186035156,8195.129737030024,1
10,390,1,-0.0035596785559201993,36.14368356322757,19,427.88494873046875,8165.957709442134,1
10,391,0,-0.002207360522594888,8147.932496765132,0,427.3636169433594,8147.932496765132,0
10,392,0,0.0,8147.932496765132,0,425.5344543457031,8147.932496765132,0
10,393,0,0.0,8147.932496765132,0,422.17926025390625,8147.932496765132,0
10,394,0,0.0,8147.932496765132,0,423.25970458984375,8147.932496765132,0
10,395,2,-0.0009816645775872605,16138.47067269897,-19,420.9756164550781,8139.933960052485,-1
10,396,0,-0.009198403530702509,8065.059562774653,0,424.49188232421875,8065.059562774653,0
10,397,2,-0.0009984500675364024,16109.566268646235,-19,423.81890869140625,8057.007003509516,-1
10,398,2,0.009735545909057616,16109.566268646235,-19,419.6905212402344,8135.446365081782,-1
10,399,2,0.016343507779452326,16109.566268646235,-19,412.6925354003906,8268.408096038813,-1
10,400,2,0.0008957950829682272,16109.566268646235,-19,412.3027038574219,8275.814895355219,-1
10,401,2,-0.009233691396803682,16109.566268646235,-19,416.3246154785156,8199.398574554438,-1
10,402,2,-0.011721425870963666,16109.566268646235,-19,421.3829650878906,8103.289931976313,-1
10,403,0,-0.002617254130989749,8082.08156292724,0,422.0771179199219,8082.08156292724,0
10,404,0,0.0,8082.08156292724,0,420.86956787109375,8082.08156292724,0
10,405,0,0.0,8082.08156292724,0,412.3882751464844,8082.08156292724,0
10,406,0,0.0,8082.08156292724,0,413.0823669433594,8082.08156292724,0
10,407,0,0.0,8082.08156292724,0,408.03350830078125,8082.08156292724,0
10,408,0,0.0,8082.08156292724,0,412.88262939453125,8082.08156292724,0
10,409,0,0.0,8082.08156292724,0,407.5581359863281,8082.08156292724,0
10,410,0,0.0,8082.08156292724,0,411.7986755371094,8082.08156292724,0
10,411,0,0.0,8082.08156292724,0,413.51019287109375,8082.08156292724,0
10,412,2,-0.0009805172088960916,15998.776999023432,-19,417.08526611328125,8074.156942871088,-1
10,413,2,0.0017899530765632804,15998.776999023432,-19,416.3246154785156,8088.609304931635,-1
10,414,2,0.00707992208226659,15998.776999023432,-19,413.3105773925781,8145.876028564448,-1
10,415,2,0.0023730419298439013,15998.776999023432,-19,412.2931823730469,8165.206533935541,-1
10,416,0,-0.004414198552748423,8129.163691070551,0,413.7763977050781,8129.163691070551,0
10,417,2,-0.000983372002049629,16115.161672973627,-19,420.7364196777344,8121.169699096674,-1
10,418,2,-0.007496416334733756,16115.161672973627,-19,423.94061279296875,8060.290029907221,-1
10,419,2,-0.002958557593698042,16115.161672973627,-19,425.1957092285156,8036.44319763183,-1
10,420,2,-0.0077556094301523965,16115.161672973627,-19,428.4761047363281,7974.115682983393,-1
10,421,0,-0.005034858787277531,7933.967136566156,0,430.1590270996094,7933.967136566156,0
10,422,1,-0.0009784584965538896,163.14652285765987,18,431.2809753417969,7926.204079010004,1
10,423,0,-0.0019933566470682128,7910.40432742309,0,430.83404541015625,7910.40432742309,0
10,424,1,-0.0009856137420714388,106.00451376342153,18,433.1446228027344,7902.60772421264,1
10,425,1,0.0008877916487147932,106.00451376342153,18,433.5343933105469,7909.623593353265,1
10,426,1,-0.004370849881251224,106.00451376342153,18,431.6137390136719,7875.051816009515,1
10,427,1,0.009519050089666347,106.00451376342153,18,435.7783508300781,7950.014828704828,1
10,428,1,0.0020020645513294934,106.00451376342153,18,436.66259765625,7965.9312715759215,1
10,429,2,-0.000279373866857621,15837.153979705803,-18,437.4137878417969,7963.705798553459,-1
10,430,2,-0.003997107366165759,15837.153979705803,-18,439.1822204589844,7931.874011444084,-1
10,431,2,-0.006084960079939899,15837.153979705803,-18,441.8636169433594,7883.608874725334,-1
10,432,2,-0.004754080228686768,15837.153979705803,-18,443.94580078125,7846.129565643303,-1
10,433,2,-0.0035338118461462646,15837.153979705803,-18,445.4861755371094,7818.402820037834,-1
10,434,0,-0.0019022142845772745,7803.530542510979,0,445.8665466308594,7803.530542510979,0
10,435,2,-0.0009681101930159293,15350.65332476806,-17,444.3927917480469,7795.975865051263,-1
10,436,2,0.007795981384101438,15350.65332476806,-17,440.8176574707031,7856.753147766107,-1
10,437,0,-0.0012628257368412295,7846.8314376830995,0,440.9603271484375,7846.8314376830995,0
10,438,0,0.0,7846.8314376830995,0,444.2881164550781,7846.8314376830995,0
10,439,0,0.0,7846.8314376830995,0,444.4402770996094,7846.8314376830995,0
10,440,1,-0.0009666816238615934,253.85829357909552,17,446.19927978515625,7839.246049926752,1
10,441,0,-0.003315770342114411,7813.252910369867,0,445.1153869628906,7813.252910369867,0
10,442,1,-0.0009717671959955988,212.9973751830994,17,446.6272277832031,7805.6602474975525,1
10,443,0,-0.002710613028015666,7784.502123138422,0,445.8284606933594,7784.502123138422,0
10,444,1,-0.0009708710450110255,219.1966642455991,17,444.5733947753906,7776.94437542724,1
10,445,0,0.00031546443130916086,7779.397724761957,0,445.1628723144531,7779.397724761957,0
10,446,1,-0.0009753935658993125,183.8352629699648,17,446.3514404296875,7771.809750274652,1
10,447,1,-0.021775665329303674,183.8352629699648,17,436.3963623046875,7602.573422149652,1
10,448,2,0.009994313653790258,15188.296068328851,-17,441.7494201660156,7678.5559255065855,-1
10,449,1,0.017055198420361437,12.740623229973608,18,433.1541442871094,7809.515220397942,1
10,450,0,-0.012076422310936905,7715.204216552727,0,428.3429870605469,7715.204216552727,0
10,451,1,-0.0009582844974913906,314.4502602538996,17,434.903564453125,7707.810855957025,1
10,452,0,-0.009297208004681473,7636.14973516845,0,431.11932373046875,7636.14973516845,0
10,453,0,0.0,7636.14973516845,0,436.2252502441406,7636.14973516845,0
10,454,0,0.0,7636.14973516845,0,445.24847412109375,7636.14973516845,0
10,455,0,0.0,7636.14973516845,0,446.42742919921875,7636.14973516845,0
10,456,0,0.0,7636.14973516845,0,443.413330078125,7636.14973516845,0
10,457,0,0.0,7636.14973516845,0,447.58746337890625,7636.14973516845,0
10,458,0,0.0,7636.14973516845,0,443.62261962890625,7636.14973516845,0
10,459,0,0.0,7636.14973516845,0,440.5704650878906,7636.14973516845,0
10,460,0,0.0,7636.14973516845,0,447.4543151855469,7636.14973516845,0
10,461,1,-0.000987362087748088,88.9653455505304,17,443.5085144042969,7628.610090423577,1
10,462,1,-0.01051898154304263,88.9653455505304,17,438.7882080078125,7548.364881683343,1
10,463,1,-0.010507917632336083,88.9653455505304,17,434.1224670410156,7469.047285247796,1
10,464,1,0.01754743095703754,88.9653455505304,17,441.83203125,7600.10987680053,1
10,465,0,0.008883433740327427,7667.624949310296,0,446.249755859375,7667.624949310296,0
10,466,0,0.0,7667.624949310296,0,449.0263366699219,7667.624949310296,0
10,467,0,0.0,7667.624949310296,0,455.3810729980469,7667.624949310296,0
10,468,0,0.0,7667.624949310296,0,455.0089111328125,7667.624949310296,0
10,469,0,0.0,7667.624949310296,0,455.59100341796875,7667.624949310296,0
10,470,0,0.0,7667.624949310296,0,454.3314514160156,7667.624949310296,0
10,471,0,0.0,7667.624949310296,0,453.1864929199219,7667.624949310296,0
10,472,2,-0.0009511375891239116,14953.298291595453,-16,455.8103942871094,7660.331983001703,-1
10,473,2,0.0003188351128801799,14953.298291595453,-16,455.6577453613281,7662.774365814203,-1
10,474,2,0.018269253064144623,14953.298291595453,-16,446.9081726074219,7802.767529876703,-1
10,475,2,0.0008610101086602743,14953.298291595453,-16,446.48828125,7809.485791595453,-1
10,476,2,0.003616457796958244,14953.298291595453,-16,444.7231140136719,7837.728467376703,-1
10,477,2,0.001129726836589889,14953.298291595453,-16,444.1697082519531,7846.582959564203,-1
10,478,2,-0.00824938607302956,14953.298291595453,-16,448.2153015136719,7781.853467376703,-1
10,479,2,-0.002491586385882716,14953.298291595453,-16,449.4271240234375,7762.464307220453,-1
10,480,2,0.01276399790113536,14953.298291595453,-16,443.234619140625,7861.544385345453,-1
10,481,2,-0.0003691202805086607,14953.298291595453,-16,443.4159851074219,7858.642529876703,-1
10,482,0,0.015101336946919822,7977.318538665765,0,435.56317138671875,7977.318538665765,0
10,483,0,0.0,7977.318538665765,0,431.0404968261719,7977.318538665765,0
10,484,0,0.0,7977.318538665765,0,426.2696838378906,7977.318538665765,0
10,485,0,0.0,7977.318538665765,0,417.90179443359375,7977.318538665765,0
10,486,2,-0.0009469567451179427,15523.939961212152,-18,419.6764221191406,7969.764363067621,-1
10,487,2,0.011572102324420377,15523.939961212152,-18,414.5527038574219,8061.991291778559,-1
10,488,2,0.0023220260517626892,15523.939961212152,-18,413.5126953125,8080.711445587152,-1
10,489,2,0.004548456035051115,15523.939961212152,-18,411.47076416015625,8117.46620632934,-1
10,490,2,-0.02266001358746983,15523.939961212152,-18,421.68975830078125,7933.52431179809,-1
10,491,2,-0.01723221784736627,15523.939961212152,-18,429.2848815917969,7796.812092559809,-1
10,492,2,-0.006696579894169835,15523.939961212152,-18,432.185546875,7744.600117462152,-1
10,493,2,-0.009757483783856971,15523.939961212152,-18,436.3837585449219,7669.032307403559,-1
10,494,0,0.023074607516208587,7845.992217926019,0,426.12652587890625,7845.992217926019,0
10,495,0,0.0,7845.992217926019,0,428.13037109375,7845.992217926019,0
10,496,0,0.0,7845.992217926019,0,426.75634765625,7845.992217926019,0
10,497,0,0.0,7845.992217926019,0,430.2676086425781,7845.992217926019,0
10,498,0,0.0,7845.992217926019,0,436.5650939941406,7845.992217926019,0
10,499,2,-0.0009835587921274915,15555.269852203364,-18,428.721923828125,7838.275223297114,-1
10,500,2,0.019413567391084158,15555.269852203364,-18,420.2680969238281,7990.444107574458,-1
10,501,2,0.003095318715509303,15555.269852203364,-18,418.89404296875,8015.177078765864,-1
10,502,2,-0.01517100950381521,15555.269852203364,-18,425.6495056152344,7893.5787511291455,-1
10,503,2,-0.0010877657671896292,15555.269852203364,-18,426.12652587890625,7884.992386383052,-1
10,504,2,0.020779506740470632,15555.269852203364,-18,417.0239562988281,8048.838638824458,-1
10,505,2,0.006038643228224156,15555.269852203364,-18,414.32373046875,8097.442703765864,-1
10,506,1,0.008011163764706427,374.6435759582473,19,409.8773193359375,8162.31264334106,1
10,507,0,-0.017861613552151392,8016.5205692138625,0,402.6066589355469,8016.5205692138625,0
10,508,0,0.0,8016.5205692138625,0,408.6655578613281,8016.5205692138625,0
10,509,0,0.0,8016.5205692138625,0,417.6822814941406,8016.5205692138625,0
10,510,0,0.0,8016.5205692138625,0,416.6136169433594,8016.5205692138625,0
10,511,0,0.0,8016.5205692138625,0,410.2685546875,8016.5205692138625,0
10,512,2,-0.000990267903973984,15947.085087432857,-19,417.8159484863281,8008.582066192623,-1
10,513,2,0.004934964002656921,15947.085087432857,-19,415.73583984375,8048.104130401607,-1
10,514,2,0.007974127096862862,15947.085087432857,-19,412.3581237792969,8112.2807356262165,-1
10,515,2,0.02847092190902785,15947.085087432857,-19,400.2021179199219,8343.244846954341,-1
10,516,1,0.005005639694624997,44.48206253051285,21,397.16790771484375,8385.008124542232,1
10,517,1,0.026668537756953783,44.48206253051285,21,407.8162841796875,8608.62403030395,1
10,518,1,-0.00449201217397656,44.48206253051285,21,405.974853515625,8569.953986358638,1
10,519,1,-0.012649194535848266,44.48206253051285,21,400.81280517578125,8461.55097122192,1
10,520,0,-0.008257353765642053,8391.680951446528,0,397.883544921875,8391.680951446528,0
10,521,0,0.0,8391.680951446528,0,406.6331481933594,8391.680951446528,0
10,522,0,0.0,8391.680951446528,0,415.64990234375,8391.680951446528,0
10,523,0,0.0,8391.680951446528,0,420.8501281738281,8391.680951446528,0
10,524,0,0.0,8391.680951446528,0,425.45953369140625,8391.680951446528,0
10,525,0,0.0,8391.680951446528,0,425.335205078125,8391.680951446528,0
10,526,2,-0.0009742902415655839,16559.437879913326,-19,430.312255859375,8383.505018585201,-1
10,527,0,0.011596888536078421,8480.727591827388,0,424.7705078125,8480.727591827388,0
10,528,2,-0.0009659900741809821,16664.83396868896,-19,431.1736145019531,8472.53529315185,-1
10,529,2,-0.00472200868685,16664.83396868896,-19,433.2792663574219,8432.527907897944,-1
10,530,2,-0.006944163706022515,16664.83396868896,-19,436.3612060546875,8373.971053649897,-1
10,531,2,-0.012248013935449688,16664.83396868896,-19,441.75933837890625,8271.40653948974,-1
10,532,2,0.006265909021873834,16664.83396868896,-19,439.03155517578125,8323.234420349116,-1
10,533,2,0.015425183789177921,16664.83396868896,-19,432.2743225097656,8451.621841003413,-1
10,534,2,-0.0027541974476192107,16664.83396868896,-19,433.49945068359375,8428.344405700678,-1
10,535,0,-0.009357221595994707,8349.478519409175,0,437.21307373046875,8349.478519409175,0
10,536,1,-0.0009823508815745294,139.1588175964298,19,431.6903991699219,8341.276401824945,1
10,537,1,-0.009832382236126154,139.1588175964298,19,427.37384033203125,8259.261783905024,1
10,538,1,0.004954022043609408,139.1588175964298,19,429.52734375,8300.17834884643,1
10,539,1,-0.0026291063980554085,139.1588175964298,19,428.3788146972656,8278.356296844477,1
10,540,1,-0.016804936094401327,139.1588175964298,19,421.0568542480469,8139.23904830932,1
10,541,1,-0.0036418973288880156,139.1588175964298,19,419.4967346191406,8109.596775360102,1
10,542,1,0.011256989078835022,139.1588175964298,19,424.30145263671875,8200.886417694086,1
10,543,1,-0.012240315753234086,139.1588175964298,19,419.0182189941406,8100.504978485102,1
10,544,1,0.0004039258271575103,139.1588175964298,19,419.1904296875,8103.77698165893,1
10,545,1,0.015865593083118613,139.1588175964298,19,425.95733642578125,8232.348209686274,1
10,546,1,-0.0007289878398510979,139.1588175964298,19,425.6414794921875,8226.346927947992,1
10,547,0,-0.015669085089112026,8097.44759796142,0,419.2765808105469,8097.44759796142,0
10,548,2,-0.000956803801001124,15837.368569458002,-19,407.77203369140625,8089.699929321283,-1
10,549,2,-0.005552420958259483,15837.368569458002,-19,410.1361083984375,8044.782509887689,-1
10,550,2,0.028052975198662802,15837.368569458002,-19,398.2582092285156,8270.462594116205,-1
10,551,2,-0.002572580188899323,15837.368569458002,-19,399.3780212402344,8249.186165893549,-1
10,552,2,-0.02323543159583237,15837.368569458002,-19,409.4660949707031,8057.512765014642,-1
10,553,2,0.03568223963190171,15837.368569458002,-19,394.333984375,8345.022866333002,-1
10,554,0,-0.0063076535261868925,8292.385353424066,0,396.7076721191406,8292.385353424066,0
10,555,0,0.0,8292.385353424066,0,398.5261535644531,8292.385353424066,0
10,556,0,0.0,8292.385353424066,0,410.6624755859375,8292.385353424066,0
10,557,0,0.0,8292.385353424066,0,396.06640625,8292.385353424066,0
10,558,1,-0.0009970289571890167,16.369283569329127,21,393.7023010253906,8284.117605102532,1
10,559,1,-0.031953882044580016,16.369283569329127,21,381.0970764160156,8019.407888305657,1
10,560,1,0.002305700957333291,16.369283569329127,21,381.9775695800781,8037.89824475097,1
10,561,0,-0.016835968159717708,7902.572445831292,0,375.9093933105469,7902.572445831292,0
10,562,1,-0.0009978848860968709,8.82898324584221,21,375.51702880859375,7894.686588226311,1
10,563,1,0.02388105533496328,8.82898324584221,21,384.49481201171875,8083.220035491936,1
10,564,1,-0.004053071819650988,8.82898324584221,21,382.9347229003906,8050.458164154045,1
10,565,1,0.020547722344315275,8.82898324584221,21,390.8117980957031,8215.876743255609,1
10,566,1,-0.040268262432507,8.82898324584221,21,375.05755615234375,7885.037662445061,1
10,567,1,-0.00611777180389853,8.82898324584221,21,372.7604675292969,7836.798801361077,1
10,568,0,-0.0005631115880186744,7832.385809143059,0,372.9232482910156,7832.385809143059,0
10,569,0,0.0,7832.385809143059,0,379.90057373046875,7832.385809143059,0
10,570,0,0.0,7832.385809143059,0,377.0005798339844,7832.385809143059,0
10,571,0,0.0,7832.385809143059,0,380.3313293457031,7832.385809143059,0
10,572,1,-0.0009905815587254226,66.0102488403245,20,387.93084716796875,7824.6271921996995,1
10,573,0,0.023326230129836874,8007.146246765129,0,397.4542541503906,8007.146246765129,0
10,574,0,0.0,8007.146246765129,0,395.22412109375,8007.146246765129,0
10,575,0,0.0,8007.146246765129,0,392.0273742675781,8007.146246765129,0
10,576,0,0.0,8007.146246765129,0,399.4928894042969,8007.146246765129,0
10,577,0,0.0,8007.146246765129,0,392.9366149902344,8007.146246765129,0
10,578,2,-0.0009844531721454363,15881.924108703606,-20,394.1330261230469,7999.263586242669,-1
10,579,2,-0.009452316635204227,15881.924108703606,-20,397.9136047363281,7923.652013977044,-1
10,580,2,0.010919641264832894,15881.924108703606,-20,393.5874328613281,8010.175451477044,-1
10,581,2,0.02337183817609654,15881.924108703606,-20,384.226806640625,8197.387975891106,-1
10,582,2,0.027181658861450103,15881.924108703606,-20,373.08587646484375,8420.206579406731,-1
10,583,2,0.03364614542950426,15881.924108703606,-20,358.9205017089844,8703.514074523919,-1
10,584,1,0.0006762019852785819,121.26366583251183,24,357.8389892578125,8709.399408020012,1
10,585,2,0.012057566282679864,17524.98461358642,-24,362.9404602050781,8814.413568664546,-1
10,586,0,0.031750649881664275,9094.276927795405,0,350.9285583496094,9094.276927795405,0
10,587,1,-0.0009667755896121496,293.3598638915955,25,351.68499755859375,9085.48480285644,1
10,588,2,0.022376887757636323,18302.246402587887,-25,360.53826904296875,9288.789676513668,-1
10,589,0,0.0007907433345725593,9296.134725036618,0,359.88458251953125,9296.134725036618,0
10,590,2,-0.000977321206023577,18372.359016265866,-25,363.4123840332031,9287.049415435788,-1
10,591,0,-0.03211253209863965,8988.818742980953,0,374.9666442871094,8988.818742980953,0
10,592,2,-0.0009973308427065847,17944.68008868408,-24,373.534423828125,8979.85391680908,-1
10,593,0,0.019420761048408907,9154.249513977047,0,365.90203857421875,9154.249513977047,0
10,594,1,-0.0009984544168956608,5.008552520748708,25,365.6040344238281,9145.109413116452,1
10,595,1,-0.008119680994439344,5.008552520748708,25,362.6338195800781,9070.854042022702,1
10,596,1,0.010570468697516005,5.008552520748708,25,366.4691467285156,9166.73722073364,1
10,597,1,0.0018877196236397862,5.008552520748708,25,367.16131591796875,9184.041450469967,1
10,598,1,0.0033755598671317893,5.008552520748708,25,368.4013671875,9215.042732208249,1
10,599,1,0.014969026196951535,5.008552520748708,25,373.9189758300781,9352.982948272702,1
10,600,1,-0.0008223250987935914,5.008552520748708,25,373.611328125,9345.291755645749,1
10,601,1,-0.011417446787943307,5.008552520748708,25,369.3433532714844,9238.592384307858,1
10,602,0,-0.00983479257016681,9147.732744567867,0,366.0750427246094,9147.732744567867,0
10,603,2,-0.0009951988569837451,18242.4421027832,-25,364.15252685546875,9138.62893139648,-1
10,604,0,0.0014253769527284507,9151.65492245483,0,363.2682189941406,9151.65492245483,0
10,605,0,0.0,9151.65492245483,0,370.2084655761719,9151.65492245483,0
10,606,0,0.0,9151.65492245483,0,367.1517028808594,9151.65492245483,0
10,607,2,-0.0009888621162180181,18192.33005111694,-24,377.0718688964844,9142.605197601315,-1
10,608,0,-0.007304478156670114,9075.823237640378,0,379.4749755859375,9075.823237640378,0
10,609,2,-0.0009714603444016328,17883.808803436274,-23,383.3392333984375,9067.006435272211,-1
10,610,2,0.009021867487397498,17883.808803436274,-23,379.78265380859375,9148.807765838617,-1
10,611,0,-0.0021157181871268777,9129.451466857905,0,380.2439880371094,9129.451466857905,0
10,612,2,-0.0009877797411780064,18138.320786682125,-24,375.74530029296875,9120.433579650875,-1
10,613,0,-0.026688772965293785,8877.020398498531,0,385.50201416015625,8877.020398498531,0
10,614,2,-0.0009673761877699591,17455.851132202144,-22,390.3371887207031,8868.432980346675,-1
10,615,0,-0.015099107285047566,8734.527559326167,0,396.02777099609375,8734.527559326167,0
10,616,1,-0.0009945370089091113,39.02983532714279,22,394.85504150390625,8725.84074841308,1
10,617,1,-0.006567722306438345,39.02983532714279,22,392.2500915527344,8668.531849487299,1
10,618,1,0.015588956026550069,39.02983532714279,22,398.39251708984375,8803.665211303705,1
10,619,2,-0.0026623443467126543,17538.941239501946,-22,398.1233825683594,8780.22682299804,-1
10,620,0,0.0006902061793220146,8786.286989807122,0,397.4504699707031,8786.286989807122,0
10,621,1,-0.000994021743777861,43.792914550775095,22,396.9891052246094,8777.553229492181,1
10,622,1,-0.0039513478981104185,43.792914550775095,22,395.41259765625,8742.870062988275,1
10,623,2,0.018867064716698446,17789.615388061517,-22,403.7178649902344,8907.82235827636,-1
10,624,0,-0.0009970779246099837,8898.940565246576,0,403.7178649902344,8898.940565246576,0
10,625,1,-0.0009688344706992541,268.7185925598078,21,410.5523986816406,8890.318964874261,1
10,626,2,0.002048629139590518,17565.659525360097,-21,412.2441711425781,8908.531931365957,-1
10,627,0,-0.0028771116430688537,8882.901090423573,0,413.0516357421875,8882.901090423573,0
10,628,2,-0.0009695611787832464,17486.80462661742,-21,410.11981201171875,8874.288574371327,-1
10,629,2,-0.002820700223335387,17486.80462661742,-21,411.3117980957031,8849.256866607655,-1
10,630,2,0.013116542668280952,17486.80462661742,-21,405.7845764160156,8965.328521881092,-1
10,631,2,0.01979173001181172,17486.80462661742,-21,397.3350830078125,9142.767883453358,-1
10,632,2,0.002207735634375626,17486.80462661742,-21,396.3739013671875,9162.952697906483,-1
10,633,0,-0.003819213440086992,9127.957425811757,0,397.6427001953125,9127.957425811757,0
10,634,2,-0.0009719199228154012,17990.729458892813,-22,403.25653076171875,9119.085782135,-1
10,635,0,0.03199083600758822,9410.81295993041,0,389.6065979003906,9410.81295993041,0
10,636,2,-0.0009870274753711876,18690.25518600463,-24,387.03045654296875,9401.52422897338,-1
10,637,0,0.009869109919373405,9494.30890499877,0,382.7816467285156,9494.30890499877,0
10,638,2,-0.0009602445002980516,18602.049957244864,-24,379.86907958984375,9485.192047088614,-1
10,639,0,-0.003980295239006941,9447.438182342521,0,381.06109619140625,9447.438182342521,0
10,640,1,-0.0009977388923471631,11.935598266592933,25,377.0430603027344,9438.012105834952,1
10,641,1,-0.003768534514089588,11.935598266592933,25,375.620361328125,9402.444631469718,1
10,642,1,0.017942266983456825,11.935598266592933,25,382.368408203125,9571.145803344718,1
10,643,1,0.00652789142684794,11.935598266592933,25,384.8675842285156,9633.625203979484,1
10,644,0,0.014501857229010597,9773.330661285392,0,390.8466491699219,9773.330661285392,0
10,645,1,-0.0009701027809754354,282.7142721252367,24,395.04730224609375,9763.849526031487,1
10,646,1,-0.04222322654293439,282.7142721252367,24,377.8697509765625,9351.588295562737,1
10,647,1,0.0037003344044422228,282.7142721252367,24,379.31158447265625,9386.192299468987,1
10,648,1,-0.011011385359598608,282.7142721252367,24,375.005126953125,9282.837319000237,1
10,649,1,-0.007396541198814178,282.7142721252367,24,372.1442565917969,9214.176430328362,1
10,650,1,0.007516997311354576,282.7142721252367,24,375.03021240234375,9283.439369781487,1
10,651,1,-0.011129003548383365,282.7142721252367,24,370.72540283203125,9180.123940093987,1
10,652,1,-0.016906510024774897,282.7142721252367,24,364.2585754394531,9024.920082672112,1
10,653,1,-0.008136568977116435,282.7142721252367,24,361.19891357421875,8951.488197906487,1
10,654,0,-0.01717791621985292,8797.720283599847,0,355.1470642089844,8797.720283599847,0
10,655,1,-0.0009592493286155774,350.0738009338311,24,351.6336364746094,8789.281076324456,1
10,656,1,-0.0024509390472819575,350.0738009338311,24,350.7360534667969,8767.739084136956,1
10,657,1,0.018890664557800703,350.0738009338311,24,357.6372375488281,8933.367502105706,1
10,658,1,-0.020070304967750162,350.0738009338311,24,350.1665954589844,8754.072091949456,1
10,659,1,-0.014845267619884292,350.0738009338311,24,344.7517395019531,8624.115548980706,1
10,660,2,0.023360144108349846,17318.063435699456,-24,353.8536376953125,8825.576131011956,-1
10,661,2,-0.029817126542913453,17318.063435699456,-24,364.818359375,8562.422810699456,-1
10,662,2,0.0023808095556086804,17318.063435699456,-24,363.9689636230469,8582.808308746331,-1
10,663,0,0.009491786533686503,8664.274493072502,0,360.2143249511719,8664.274493072502,0
10,664,2,-0.0009699598388459951,17059.86878579711,-24,350.1665954589844,8655.870494781484,-1
10,665,0,0.0064498557366882555,8711.699610748281,0,347.4928894042969,8711.699610748281,0
10,666,2,-0.0009908866302614971,17335.373975219714,-25,345.2922668457031,8703.067304077136,-1
10,667,0,0.002283171361360081,8722.937898101794,0,344.1532897949219,8722.937898101794,0
10,668,2,-0.0009718814601373661,17192.12185757445,-24,353.23590087890625,8714.4602364807,-1
10,669,0,0.021218852478932324,8899.371082672105,0,345.18609619140625,8899.371082672105,0
10,670,2,-0.0009946106378693408,17741.928822692855,-25,354.0563659667969,8890.519673522933,-1
10,671,0,-0.01270533471003292,8777.562645324691,0,358.2164306640625,8777.562645324691,0
10,672,1,-0.0009725102929430858,232.7563557739104,24,355.67791748046875,8769.02637530516,1
10,673,1,-0.008162858589090972,232.7563557739104,24,352.6954040527344,8697.446053039535,1
10,674,1,0.023651120621925165,232.7563557739104,24,361.26641845703125,8903.15039874266,1
10,675,1,0.0119165650305209,232.7563557739104,24,365.6870422363281,9009.245369445785,1
10,676,1,0.01555612263115345,232.7563557739104,24,371.5265808105469,9149.394295227035,1
10,677,1,-0.007342475037259611,232.7563557739104,24,368.7274475097656,9082.215096008285,1
10,678,1,-0.0052031204805719,232.7563557739104,24,366.7584533691406,9034.959236633285,1
10,679,2,0.021182959304578114,18237.95969171141,-24,375.48388671875,9226.34641046141,-1
10,680,0,0.006085638400065786,9282.494618469223,0,372.7716064453125,9282.494618469223,0
10,681,2,-0.000959588096088577,18180.95858502196,-24,371.1404724121094,9273.587247131334,-1
10,682,0,0.023168645144833237,9488.443699279771,0,361.8262939453125,9488.443699279771,0
10,683,2,-0.0009812581650991755,18789.745940429675,-26,358.1004943847656,9479.133086425769,-1
10,684,2,-0.014137298965747112,18789.745940429675,-26,363.25469970703125,9345.123748046863,-1
10,685,0,-0.010687711097347513,9245.245765258776,0,366.72943115234375,9245.245765258776,0
10,686,2,-0.000997020816771267,18453.730546905506,-25,368.7080993652344,9236.028062774647,-1
10,687,0,0.019583601860100937,9416.902759124745,0,361.11199951171875,9416.902759124745,0
10,688,1,-0.0009709093031925006,264.80130453490165,24,380.95660400390625,9407.759800628652,1
10,689,2,0.007443597843742217,18709.23635580443,-24,384.6437072753906,9477.787381195056,-1
10,690,0,0.007319994841199015,9547.164735931385,0,381.3716125488281,9547.164735931385,0
10,691,1,-0.0009668822254608415,306.9498653259161,24,384.62432861328125,9537.933752044666,1
10,692,1,-0.007383091078678759,306.9498653259161,24,381.690185546875,9467.514318450916,1
10,693,1,-0.0029607050631544627,306.9498653259161,24,380.5222473144531,9439.483800872791,1
10,694,2,0.0024489265543232146,18636.598938568102,-24,382.24993896484375,9462.600403411852,-1
10,695,0,0.002559132434535745,9486.816451019275,0,380.8600769042969,9486.816451019275,0
10,696,1,-0.0009764759076879746,213.90509823607135,24,385.9853210449219,9477.552803314196,1
10,697,2,0.004192162546500184,18839.307438568103,-24,388.4176330566406,9517.284245208728,-1
10,698,0,-0.0007601677877591992,9510.049512298572,0,388.33074951171875,9510.049512298572,0
10,699,1,-0.0009643713192324059,329.6592991638063,24,382.1341247558594,9500.878293304431,1
10,700,2,-0.0035852612577283414,18622.281959320055,-24,381.477783203125,9466.815162445055,-1
10,701,0,-0.03146218623151298,9168.968460784898,0,393.49456787109375,9168.968460784898,0
10,702,1,-0.0009863396123080967,116.20794711302187,23,393.205078125,9159.924743988022,1
10,703,1,-0.0011391479263180937,116.20794711302187,23,392.75140380859375,9149.490234710678,1
10,704,2,-0.019699855510673228,17840.026811492906,-23,385.68609619140625,8969.246599090562,-1
10,705,2,0.014256584171156845,17840.026811492906,-23,380.1264953613281,9097.117418182359,-1
10,706,2,0.0016348750337946052,17840.026811492906,-23,379.4798583984375,9111.990068328843,-1
10,707,2,-0.007503805728359887,17840.026811492906,-23,382.4526672363281,9043.615465057359,-1
10,708,2,0.007265996295257892,17840.026811492906,-23,379.5956726074219,9109.326341522203,-1
10,709,0,-0.014790234258267903,8974.597270996079,0,385.0683898925781,8974.597270996079,0
10,710,1,-0.0009943192307224778,42.05900180052231,23,387.9832458496094,8965.673656341538,1
10,711,1,-0.006363480219083858,42.05900180052231,23,385.502685546875,8908.620769378647,1
10,712,1,-0.02434606177069273,42.05900180052231,23,376.07269287109375,8691.730937835679,1
10,713,0,-0.012732516552080941,8581.063329803452,0,371.6326904296875,8581.063329803452,0
10,714,2,-0.0009876481282967073,17047.659395141585,-23,368.4813537597656,8572.588258666976,-1
10,715,2,-0.001352866176156351,17047.659395141585,-23,368.985595703125,8560.99069396971,-1
10,716,2,-0.014822650843099182,17047.659395141585,-23,374.5028381347656,8434.094118041976,-1
10,717,2,0.014569719466497265,17047.659395141585,-23,369.1601257324219,8556.976503295882,-1
10,718,2,-0.00570769437904162,17047.659395141585,-23,371.28363037109375,8508.135896606429,-1
10,719,2,0.0039580896173626945,17047.659395141585,-23,369.8194580078125,8541.811860961898,-1
10,720,2,0.012375629240206104,17047.659395141585,-23,365.2233581542969,8647.522157592757,-1
10,721,2,-0.017485428159168537,17047.659395141585,-23,371.7975158691406,8496.31653015135,-1
10,722,2,0.0026510439914504353,17047.659395141585,-23,370.8182067871094,8518.84063903807,-1
10,723,2,0.004214965126403868,17047.659395141585,-23,369.2570495605469,8554.747255249007,-1
10,724,2,-0.00766456190185476,17047.659395141585,-23,372.10784912109375,8489.178865356429,-1
10,725,2,0.011506638843697143,17047.659395141585,-23,367.8608093261719,8586.860780639632,-1
10,726,0,-0.02360335435161665,8384.182062866195,0,376.296630859375,8384.182062866195,0
10,727,1,-0.000986838248612685,102.07668835447657,22,376.083251953125,8375.908231323227,1
10,728,2,0.004937997611898041,16749.123914916978,-22,378.720703125,8417.268446166978,-1
10,729,1,-0.014478625301134194,241.67366607664644,21,383.51068115234375,8295.397970275866,1
10,730,2,0.0015859677191588006,16391.600834533674,-21,384.906982421875,8308.554203674299,-1
10,731,1,-0.005727492022190431,146.56202697752087,21,386.4002380371094,8260.967025756818,1
10,732,2,-0.0037603394007101826,16329.443025024397,-21,385.6923828125,8229.902985961897,-1
10,733,1,0.013600706561834307,370.1712664184388,21,379.6030578613281,8341.835481506329,1
10,734,2,-0.008853999514081196,16181.609747741682,-21,376.83966064453125,8267.976874206526,-1
10,735,1,-0.01978062226906299,43.37465869138941,21,383.8598327636719,8104.431146728499,1
10,736,1,0.011934208453626974,43.37465869138941,21,388.4655456542969,8201.151117431624,1
10,737,1,-0.0010675224983319079,43.37465869138941,21,388.04864501953125,8192.396204101546,1
10,738,1,0.0003727531455997283,43.37465869138941,21,388.1940612792969,8195.449945556624,1
10,739,1,0.01093233795117904,43.37465869138941,21,392.46051025390625,8285.04537402342,1
10,740,0,0.0012884846781513154,8295.720528045638,0,393.3622131347656,8295.720528045638,0
10,741,0,0.0,8295.720528045638,0,388.4267578125,8295.720528045638,0
10,742,0,0.0,8295.720528045638,0,394.13800048828125,8295.720528045638,0
10,743,0,0.0,8295.720528045638,0,398.3267822265625,8295.720528045638,0
10,744,0,0.0,8295.720528045638,0,404.1252136230469,8295.720528045638,0
10,745,0,0.0,8295.720528045638,0,399.82977294921875,8295.720528045638,0
10,746,0,0.0,8295.720528045638,0,397.38623046875,8295.720528045638,0
10,747,0,0.0,8295.720528045638,0,402.5834655761719,8295.720528045638,0
10,748,1,-0.0009599679824927571,324.13080331419314,20,398.1813049316406,8287.756901947007,1
10,749,1,-0.008330129220040368,324.13080331419314,20,394.7294006347656,8218.718816009507,1
10,750,1,0.0022417949840670384,324.13080331419314,20,395.650634765625,8237.143498626694,1
10,751,1,0.01127696933578057,324.13080331419314,20,400.2951354980469,8330.033513275132,1
10,752,1,-0.0004422649711287325,324.13080331419314,20,400.1109313964844,8326.349431243882,1
10,753,2,0.0011926628140882488,16364.485524993881,-20,401.4102783203125,8336.279958587631,-1
10,754,2,0.013259984187049243,16364.485524993881,-20,395.8833312988281,8446.818899017318,-1
10,755,2,0.002341814596186472,16364.485524993881,-20,394.894287109375,8466.599782806381,-1
10,756,2,0.018713454647571685,16364.485524993881,-20,386.9723205566406,8625.039113861068,-1
10,757,2,0.0012366197316771154,16364.485524993881,-20,386.43902587890625,8635.705007415756,-1
10,758,2,-0.004760777592927588,16364.485524993881,-20,388.4946594238281,8594.592336517318,-1
10,759,2,0.009657363070049465,16364.485524993881,-20,384.3446044921875,8677.593435150131,-1
10,760,0,-0.003905933557138226,8643.699331756576,0,385.6536560058594,8643.699331756576,0
10,761,0,0.0,8643.699331756576,0,384.2282409667969,8643.699331756576,0
10,762,0,0.0,8643.699331756576,0,382.7544250488281,8643.699331756576,0
10,763,0,0.0,8643.699331756576,0,385.731201171875,8643.699331756576,0
10,764,2,-0.0009975110089749462,17257.262388214098,-22,391.9175109863281,8635.07714651488,-1
10,765,0,-0.0016907946324180175,8620.477004425036,0,392.18896484375,8620.477004425036,0
10,766,2,-0.0009855486430396041,17107.88051907347,-22,386.17724609375,8611.981105010971,-1
10,767,2,-0.0016100998984165892,17107.88051907347,-22,386.8075256347656,8598.114955108627,-1
10,768,2,0.018260178377783178,17107.88051907347,-22,379.6710205078125,8755.118067901596,-1
10,769,2,0.013766424556301702,17107.88051907347,-22,374.1925354003906,8875.644740264877,-1
10,770,2,0.001322025162900287,17107.88051907347,-22,373.6591796875,8887.378565948471,-1
10,771,2,-0.015289771367314665,17107.88051907347,-22,379.8358154296875,8751.492579620346,-1
10,772,0,0.005022986737932851,8795.451210784897,0,377.4602355957031,8795.451210784897,0
10,773,2,-0.0009607035043775275,17236.822190765364,-22,384.082763671875,8787.001389984114,-1
10,774,0,0.010293489424832488,8877.450295867904,0,379.59185791015625,8877.450295867904,0
10,775,2,-0.0009929160963661257,17683.199026031478,-23,383.24188232421875,8868.635732574447,-1
10,776,0,-0.014057416945379698,8743.965622344955,0,388.2740478515625,8743.965622344955,0
10,777,2,-0.0009602527870128015,17131.98656338499,-22,381.65533447265625,8735.569204986554,-1
10,778,2,-0.002598370141071413,17131.98656338499,-22,382.68707275390625,8712.870962799054,-1
10,779,2,-0.0063408571696270824,17131.98656338499,-22,385.19830322265625,8657.623892486554,-1
10,780,2,-0.0018302247990895106,17131.98656338499,-22,385.9185485839844,8641.778494537335,-1
10,781,2,0.002205408851569577,17131.98656338499,-22,385.05224609375,8660.837149322491,-1
10,782,2,-0.014216596200674506,17131.98656338499,-22,390.6489562988281,8537.709524810773,-1
10,783,1,-0.00787315510903807,218.8276664733694,21,392.93634033203125,8470.490813446026,1
10,784,1,0.013730449918878817,218.8276664733694,21,398.474609375,8586.79446334837,1
10,785,1,0.003713428128261375,218.8276664733694,21,399.9930114746094,8618.680907440166,1
10,786,1,-0.005407250081259945,218.8276664733694,21,397.7738037109375,8572.077544403057,1
10,787,1,-0.0025512671007167243,218.8276664733694,21,396.7323913574219,8550.207884979229,1
10,788,1,0.0038008987100987546,218.8276664733694,21,398.2799377441406,8582.706359100323,1
10,789,1,0.0010002769113392372,218.8276664733694,21,398.6887512207031,8591.291442108135,1
10,790,1,0.0002616799768069378,218.8276664733694,21,398.7958068847656,8593.539611053448,1
10,791,2,-0.005913326706755156,16883.299894439675,-21,397.1703186035156,8542.723203765847,-1
10,792,2,-0.012968436874172085,16883.299894439675,-21,402.4458312988281,8431.937437164284,-1
10,793,2,0.002448424060299573,16883.299894439675,-21,401.4627380371094,8452.582395660378,-1
10,794,2,-0.003578975690268799,16883.299894439675,-21,402.9032897949219,8422.330808746316,-1
10,795,2,-0.0006552252927646903,16883.299894439675,-21,403.16607666015625,8416.812284576394,-1
10,796,2,0.00016994794151417754,16883.299894439675,-21,403.09796142578125,8418.242704498269,-1
10,797,2,0.005487426550520658,16883.299894439675,-21,400.8982238769531,8464.43719302366,-1
10,798,2,-0.0007727283338589323,16883.299894439675,-21,401.2096862792969,8457.89648257444,-1
10,799,2,-0.0010391330057820788,16883.299894439675,-21,401.6282043457031,8449.10760317991,-1
10,800,0,0.014863238072808276,8574.688700988747,0,395.2528991699219,8574.688700988747,0
10,801,0,0.0,8574.688700988747,0,393.5787353515625,8574.688700988747,0
10,802,1,-0.000983090536164588,136.5636931762474,21,401.4140625,8566.259005676247,1
10,803,1,0.008399201740357392,136.5636931762474,21,404.8402404785156,8638.208743225076,1
10,804,1,-0.000993924103036626,136.5636931762474,21,404.431396484375,8629.623019348122,1
10,805,1,-0.011061231056834878,136.5636931762474,21,399.8859558105469,8534.168765197732,1
10,806,1,-0.006754149564179405,136.5636931762474,21,397.1411437988281,8476.527712951638,1
10,807,1,-0.0069689046078207995,136.5636931762474,21,394.32818603515625,8417.455599914529,1
10,808,1,0.01821219995779259,136.5636931762474,21,401.6282043457031,8570.755984436013,1
10,809,2,-0.001706275667426857,16992.573013122535,-21,401.73529052734375,8556.131912048317,-1
10,810,2,0.004324077266291722,16992.573013122535,-21,399.9735107421875,8593.129287536598,-1
10,811,0,-0.005549111634195352,8545.445053832984,0,401.84234619140625,8545.445053832984,0
10,812,2,-0.0009857850184671485,16960.99279232786,-21,401.1415100097656,8537.021082122781,-1
10,813,0,0.00030730534020376204,8539.64455429075,0,400.615966796875,8539.64455429075,0
10,814,0,0.0,8539.64455429075,0,401.99810791015625,8539.64455429075,0
10,815,0,0.0,8539.64455429075,0,399.3116760253906,8539.64455429075,0
10,816,1,-0.0009938747393591731,43.820211669899436,21,404.1589050292969,8531.157217285134,1
10,817,2,0.007574818558805414,17164.876353271462,-21,408.05224609375,8595.779185302712,-1
10,818,2,0.0014504920219655798,17164.876353271462,-21,407.4585266113281,8608.247294433571,-1
10,819,1,-0.002392398513637548,27.5497259521253,21,407.62396240234375,8587.652936401344,1
10,820,2,-0.013157918472469256,16938.692943725564,-21,403.04931640625,8474.657299194314,-1
10,821,2,0.0072357997127969155,16938.692943725564,-21,400.1292724609375,8535.978222045876,-1
10,822,2,-0.008524647432446705,16938.692943725564,-21,403.5943298339844,8463.212017211892,-1
10,823,2,-0.012969570060182282,16938.692943725564,-21,408.8211975097656,8353.447796020486,-1
10,824,1,-0.0023986652637707816,153.87331744382482,20,408.97686767578125,8333.410670959449,1
10,825,2,-0.007394908226910845,16405.96677203367,-20,406.70904541015625,8271.785863830544,-1
10,826,2,-0.009343003611015107,16405.96677203367,-20,410.5732116699219,8194.502538635232,-1
10,827,2,-0.01449105027209674,16405.96677203367,-20,416.51055908203125,8075.755590393044,-1
10,828,2,0.0019766738340391108,16405.96677203367,-20,415.71240234375,8091.718725158669,-1
10,829,2,-0.0022373798029565093,16405.96677203367,-20,416.61761474609375,8073.614477111794,-1
10,830,2,0.003568542347164028,16405.96677203367,-20,415.17706298828125,8102.425512268044,-1
10,831,0,-0.007229733263878276,8043.847137023904,0,417.68829345703125,8043.847137023904,0
10,832,1,-0.0009883724793922155,85.57968121335671,19,418.437744140625,8035.896819885232,1
10,833,1,0.008975203568564882,85.57968121335671,19,422.2337341308594,8108.020629699685,1
10,834,1,0.00652340178155938,85.57968121335671,19,425.01751708984375,8160.912505920388,1
10,835,1,0.0011783665887709232,85.57968121335671,19,425.5236511230469,8170.529052551247,1
10,836,1,0.012267768798356345,85.57968121335671,19,430.79913330078125,8270.7632139282,1
10,837,1,-0.003370929229814263,85.57968121335671,19,429.3317565917969,8242.883056457496,1
10,838,1,-0.005134378618458746,85.57968121335671,19,427.1042785644531,8200.560973937965,1
10,839,1,-0.00507015991341518,85.57968121335671,19,424.91595458984375,8158.982818420388,1
10,840,0,0.0025787418517323954,8180.022728881814,0,426.44976806640625,8180.022728881814,0
10,841,0,0.0,8180.022728881814,0,423.22576904296875,8180.022728881814,0
10,842,0,0.0,8180.022728881814,0,421.49658203125,8180.022728881814,0
10,843,0,0.0,8180.022728881814,0,426.1175842285156,8180.022728881814,0
10,844,0,0.0,8180.022728881814,0,426.33251953125,8180.022728881814,0
10,845,0,0.0,8180.022728881814,0,428.01287841796875,8180.022728881814,0
10,846,0,0.0,8180.022728881814,0,433.063720703125,8180.022728881814,0
10,847,0,0.0,8180.022728881814,0,433.56201171875,8180.022728881814,0
10,848,2,-0.0009526269012768721,15964.739923767069,-18,432.9172058105469,8172.230219177225,-1
10,849,2,0.00746684948315428,15964.739923767069,-18,429.52716064453125,8233.251032165506,-1
10,850,2,0.002370802141636329,15964.739923767069,-18,428.4427490234375,8252.770441345194,-1
10,851,2,-0.002365194732898187,15964.739923767069,-18,429.52716064453125,8233.251032165506,-1
10,852,2,-0.005980380761118151,15964.739923767069,-18,432.2626037597656,8184.013056091288,-1
10,853,2,-0.007649473812617192,15964.739923767069,-18,435.7405700683594,8121.4096625366,-1
10,854,2,-0.007665150957948854,15964.739923767069,-18,439.1990051269531,8059.157831481913,-1
10,855,2,0.0006110590814829239,15964.739923767069,-18,438.9254150390625,8064.082453063944,-1
10,856,2,-0.0034018577423773613,15964.739923767069,-18,440.449462890625,8036.649591735819,-1
10,857,2,-0.007330211263167047,15964.739923767069,-18,443.7222595214844,7977.73925238035,-1
10,858,2,-0.002226394736376963,15964.739923767069,-18,444.7090148925781,7959.977655700663,-1
10,859,2,0.006671728718409683,15964.739923767069,-18,441.7586364746094,8013.0844672241,-1
10,860,2,0.0,15964.739923767069,-18,441.7586364746094,8013.0844672241,-1
10,861,2,-0.004432942839358544,15964.739923767069,-18,443.7320556640625,7977.562921813944,-1
10,862,1,-0.004685476790271029,376.14505133054536,17,444.9434814453125,7940.184235900858,1
10,863,1,0.0001464233246089432,376.14505133054536,17,445.0118713378906,7941.346864074686,1
10,864,1,-0.006315990418455204,376.14505133054536,17,442.0614318847656,7891.189393371561,1
10,865,1,0.009323691086268031,376.14505133054536,17,446.3893737792969,7964.764405578592,1
10,866,1,0.001814123485182954,376.14505133054536,17,447.23931884765625,7979.213471740702,1
10,867,1,-0.0027266931173269846,376.14505133054536,17,445.9595031738281,7957.4566052856235,1
10,868,1,-0.01325322270812342,376.14505133054536,17,439.755859375,7851.994660705545,1
10,869,1,-0.0027286511172921585,376.14505133054536,17,438.49554443359375,7830.569306701639,1
10,870,1,-0.004305452199605658,376.14505133054536,17,436.5123596191406,7796.855164855936,1
10,871,1,0.008307456316921728,376.14505133054536,17,440.3224792480469,7861.627198547342,1
10,872,1,-0.0041406227551362435,376.14505133054536,17,438.40765380859375,7829.075166076639,1
10,873,1,-0.006364087660083801,376.14505133054536,17,435.4767761230469,7779.250245422342,1
10,874,2,-0.0015623253168443587,15172.859526306132,-17,435.63311767578125,7767.096525817851,-1
10,875,2,0.0005559968813259698,15172.859526306132,-17,435.37908935546875,7771.415007263164,-1
10,876,2,-0.005257205602260068,15172.859526306132,-17,437.7823791503906,7730.559080749492,-1
10,877,2,0.011214505453886406,15172.859526306132,-17,432.6827087402344,7817.253477722148,-1
10,878,2,0.006904705115670996,15172.859526306132,-17,429.5076599121094,7871.229307800273,-1
10,879,2,0.0070685352119396385,15172.859526306132,-17,426.2348327636719,7926.867369323711,-1
10,880,2,-0.00044000793238728654,15172.859526306132,-17,426.44000244140625,7923.379484802226,-1
10,881,2,-0.005952838122855817,15172.859526306132,-17,429.2145080566406,7876.212889343242,-1
10,882,2,0.0025093481390011077,15172.859526306132,-17,428.0519104003906,7895.977049499492,-1
10,883,2,-0.01026457240401142,15172.859526306132,-17,432.8194885253906,7814.928221374492,-1
10,884,2,0.013048690399805944,15172.859526306132,-17,426.82098388671875,7916.902800231914,-1
10,885,0,-0.0073841548372535456,7858.443164123515,0,429.8299560546875,7858.443164123515,0
10,886,0,0.0,7858.443164123515,0,432.55572509765625,7858.443164123515,0
10,887,0,0.0,7858.443164123515,0,438.8081970214844,7858.443164123515,0
10,888,0,0.0,7858.443164123515,0,440.61553955078125,7858.443164123515,0
10,889,0,0.0,7858.443164123515,0,439.9707946777344,7858.443164123515,0
10,890,0,0.0,7858.443164123515,0,440.7914123535156,7858.443164123515,0
10,891,2,-0.0009494333466996711,15312.050089294415,-17,438.8863525390625,7850.982096130352,-1
10,892,2,0.0063886213584691005,15312.050089294415,-17,435.9359436035156,7901.139048034649,-1
10,893,2,0.002879706339396439,15312.050089294415,-17,434.5975341796875,7923.892008239727,-1
10,894,2,-0.0014042590754712822,15312.050089294415,-17,435.2520751953125,7912.764810974102,-1
10,895,2,-0.006149846942623607,15312.050089294415,-17,438.11456298828125,7864.102518493633,-1
10,896,1,0.003256131485904378,46.906702148417935,18,435.71124267578125,7889.70907031248,1
10,897,2,-0.0008313202914945057,15735.097582763654,-18,436.21929931640625,7883.150195068341,-1
10,898,1,-0.010541657195871832,320.37972174070455,17,439.98052978515625,7800.048728088361,1
10,899,2,-0.01344818967762365,15084.703768005353,-17,434.67950439453125,7695.152193298321,-1
10,900,1,-0.0024848497253396793,282.1457951659977,17,434.9344177246094,7676.030896484357,1
10,901,2,-0.0039200885895538445,15024.491658508283,-17,434.0324401855469,7645.940175353986,-1
10,902,0,0.00791567108433351,7706.462922912579,0,430.042236328125,7706.462922912579,0
10,903,0,0.0,7706.462922912579,0,422.934326171875,7706.462922912579,0
10,904,2,-0.0009856273492182405,15294.567844848614,-18,421.9833679199219,7698.86722229002,-1
10,905,2,-0.004148733941707312,15294.567844848614,-18,423.7578430175781,7666.926670532208,-1
10,906,2,0.014615882444327925,15294.567844848614,-18,417.5323486328125,7778.985569457989,-1
10,907,1,-0.002318609605714813,242.36759582517698,18,417.698974609375,7760.949138793927,1
10,908,2,0.0036676526214838943,15351.583953369121,-18,420.1205749511719,7789.413604248028,-1
10,909,2,0.0023561030477061468,15351.583953369121,-18,419.1009826660156,7807.76626538084,-1
10,910,2,0.00038435007213902223,15351.583953369121,-18,418.93426513671875,7810.767180908184,-1
10,911,2,0.012923421113207078,15351.583953369121,-18,413.3263854980469,7911.709014404278,-1
10,912,2,-0.006847683576857612,15351.583953369121,-18,416.3362121582031,7857.532134521465,-1
10,913,0,-0.0005941168028581634,7852.863842651348,0,416.17938232421875,7852.863842651348,0
10,914,0,0.0,7852.863842651348,0,421.1206359863281,7852.863842651348,0
10,915,0,0.0,7852.863842651348,0,423.8166809082031,7852.863842651348,0
10,916,0,0.0,7852.863842651348,0,426.02264404296875,7852.863842651348,0
10,917,1,-0.0009805109012199036,145.34542053220775,18,427.7677001953125,7845.164024047833,1
10,918,1,-0.005983397506972896,145.34542053220775,18,425.1598815917969,7798.2232891845515,1
10,919,1,-0.004888127970351086,145.34542053220775,18,423.04217529296875,7760.104575805645,1
10,920,1,0.01032446092726233,145.34542053220775,18,427.49322509765625,7840.22347229002,1
10,921,1,-4.512113294669542e-05,145.34542053220775,18,427.47357177734375,7839.869712524395,1
10,922,1,-0.013078081690461473,145.34542053220775,18,421.7774353027344,7737.3392559814265,1
10,923,1,-0.008621340694270428,145.34542053220775,18,418.071533203125,7670.633018188458,1
10,924,1,-0.012055103621779651,145.34542053220775,18,412.9342956542969,7578.1627423095515,1
10,925,0,-0.0026792246798311796,7557.859141662579,0,412.2185363769531,7557.859141662579,0
10,926,0,0.0,7557.859141662579,0,415.3264465332031,7557.859141662579,0
10,927,0,0.0,7557.859141662579,0,409.3656311035156,7557.859141662579,0
10,928,0,0.0,7557.859141662579,0,404.4635925292969,7557.859141662579,0
10,929,0,0.0,7557.859141662579,0,402.6302795410156,7557.859141662579,0
10,930,0,0.0,7557.859141662579,0,407.4440002441406,7557.859141662579,0
10,931,0,0.0,7557.859141662579,0,410.0028991699219,7557.859141662579,0
10,932,0,0.0,7557.859141662579,0,414.3754577636719,7557.859141662579,0
10,933,0,0.0,7557.859141662579,0,422.3166809082031,7557.859141662579,0
10,934,0,0.0,7557.859141662579,0,426.169677734375,7557.859141662579,0
10,935,0,0.0,7557.859141662579,0,427.1500244140625,7557.859141662579,0
10,936,0,0.0,7557.859141662579,0,428.3657531738281,7557.859141662579,0
10,937,2,-0.0009642349027828277,14838.123164794903,-17,428.67950439453125,7550.571590087871,-1
10,938,2,0.007527166777109165,14838.123164794903,-17,425.3363037109375,7607.406001708965,-1
10,939,2,-0.014832203605435912,14838.123164794903,-17,431.9736328125,7494.571406982403,-1
10,940,2,0.0009340989639776458,14838.123164794903,-17,431.56182861328125,7501.572078369121,-1
10,941,2,-0.01897402984377892,14838.123164794903,-17,439.9344787597656,7359.237025878887,-1
10,942,2,-0.0021515464413899665,14838.123164794903,-17,440.8658752441406,7343.403285644512,-1
10,943,2,-0.0012482138510942493,14838.123164794903,-17,441.4050598144531,7334.237147949199,-1
10,944,2,-0.0012724802772092294,14838.123164794903,-17,441.95404052734375,7324.904475830059,-1
10,945,2,-0.007895548283766098,14838.123164794903,-17,445.3560485839844,7267.070338867168,-1
10,946,2,0.002270427883794419,14838.123164794903,-17,444.385498046875,7283.569697998028,-1
10,947,1,-0.006025431484381131,102.06537203977587,16,446.1011047363281,7239.683047821026,1
10,948,1,0.0006066688023133714,102.06537203977587,16,446.3756103515625,7244.075137664776,1
10,949,1,-0.0017754272119747808,102.06537203977587,16,445.57177734375,7231.213809539776,1
10,950,0,-1.080054832778301e-05,7231.135708465557,0,446.0129089355469,7231.135708465557,0
10,951,0,0.0,7231.135708465557,0,445.6991882324219,7231.135708465557,0
10,952,0,0.0,7231.135708465557,0,447.4541320800781,7231.135708465557,0
10,953,0,0.0,7231.135708465557,0,450.1012268066406,7231.135708465557,0
10,954,0,0.0,7231.135708465557,0,447.7384033203125,7231.135708465557,0
10,955,2,-0.0009904950062282355,14386.377113250714,-16,447.6502380371094,7223.973304656964,-1
10,956,2,0.0039954179994191675,14386.377113250714,-16,445.8463134765625,7252.836097625714,-1
10,957,2,-0.0075048766982089565,14386.377113250714,-16,449.248291015625,7198.404457000714,-1
10,958,2,-0.004292807853752547,14386.377113250714,-16,451.17962646484375,7167.503089813214,-1
10,959,2,-0.003917420703997453,14386.377113250714,-16,452.93450927734375,7139.424964813214,-1
10,960,2,-0.004636104624235092,14386.377113250714,-16,455.0032043457031,7106.325843719464,-1
10,961,2,-0.014127144188367895,14386.377113250714,-16,461.2777099609375,7005.933753875714,-1
10,962,2,-0.00338092312454375,14386.377113250714,-16,462.75811767578125,6982.247230438214,-1
10,963,2,0.0017458478630074153,14386.377113250714,-16,461.9962463378906,6994.437171844464,-1
10,964,2,-0.005944665570966202,14386.377113250714,-16,464.594970703125,6952.857582000714,-1
10,965,2,-0.00650123318425471,14386.377113250714,-16,467.42010498046875,6907.655433563214,-1
10,966,2,0.015002815114402972,14386.377113250714,-16,460.9429626464844,7011.289710906964,-1
10,967,2,-0.009973938984786867,14386.377113250714,-16,465.3135986328125,6941.359535125714,-1
10,968,2,-0.0021554028004946205,14386.377113250714,-16,466.2486877441406,6926.398109344464,-1
10,969,2,-0.0045478182892062,14386.377113250714,-16,468.2174377441406,6894.898109344464,-1
10,970,2,-0.001964626340038531,14386.377113250714,-16,469.0640563964844,6881.352210906964,-1
10,971,2,-0.0004119063476735506,14386.377113250714,-16,469.2412109375,6878.517738250714,-1
10,972,2,0.003159888858268402,14386.377113250714,-16,467.88275146484375,6900.253089813214,-1
